timestamp,year,month,day,hour,minute,second,latitude,longitude,altitude_msl,altitude_ellipsoid,horizontal_accuracy,vertical_accuracy,fix_type,carrier_solution,num_satellites,pDOP,speed_2d,heading,vel_north,vel_east,vel_down,flags,source
342313.0,2026,4,22,23,4,0,32.8811798,-117.2333217,132.972,99.208,2.975,6.0,3,0,27,0.010700000000000001,0.01,0.0,0.01,0.0,0.042,0,PVT
342314.0,2026,4,22,23,4,0,32.8811809,-117.2333226,132.319,98.556,2.819,5.671,3,0,27,0.010700000000000001,0.014,0.0,0.013,-0.004,0.057,0,PVT
342315.0,2026,4,22,23,4,0,32.8811816,-117.2333228,132.251,98.488,2.682,5.37,3,0,27,0.010700000000000001,0.015,0.0,0.015,0.001,0.06,0,PVT
342316.0,2026,4,22,23,4,0,32.8811819,-117.2333222,132.296,98.533,2.562,5.114,3,0,27,0.011200000000000002,0.014,0.0,0.013,0.005,0.069,0,PVT
342317.0,2026,4,22,23,4,0,32.8811812,-117.233322,132.583,98.819,2.457,4.884,3,0,29,0.0104,0.012,0.0,0.012,-0.001,0.07,0,PVT
342318.0,2026,4,22,23,5,0,32.8811805,-117.2333216,132.811,99.048,2.364,4.682,3,0,29,0.0105,0.02,0.0,0.019,-0.008,0.086,0,PVT
342320.0,2026,4,22,23,5,0,32.8811797,-117.2333217,133.247,99.483,2.212,4.349,3,0,29,0.0104,0.011,0.0,0.011,0.0,0.046,0,PVT
342321.0,2026,4,22,23,5,0,32.8811797,-117.2333217,133.313,99.55,2.148,4.214,3,0,29,0.0104,0.01,0.0,0.01,0.001,0.033,0,PVT
342322.0,2026,4,22,23,5,0,32.8811797,-117.2333218,133.402,99.638,2.09,4.09,3,0,29,0.0104,0.011,0.0,0.01,-0.004,0.034,0,PVT
342323.0,2026,4,22,23,5,0,32.8811793,-117.2333217,133.639,99.875,2.036,3.976,3,0,29,0.0104,0.011,0.0,0.011,0.001,0.054,0,PVT
342324.0,2026,4,22,23,5,0,32.881179,-117.2333219,133.841,100.077,1.987,3.871,3,0,29,0.0104,0.006,0.0,0.006,-0.001,0.012,0,PVT
342325.0,2026,4,22,23,5,0,32.881179,-117.2333218,133.907,100.143,1.943,3.776,3,0,28,0.0106,0.007,0.0,0.007,-0.001,0.024,0,PVT
342326.0,2026,4,22,23,5,0,32.8811789,-117.2333217,133.928,100.165,1.903,3.693,3,0,29,0.0106,0.002,0.0,-0.001,-0.001,-0.002,0,PVT
342327.0,2026,4,22,23,5,0,32.8811788,-117.2333219,133.892,100.128,1.866,3.617,3,0,28,0.0106,0.046,0.0,-0.039,0.024,-0.055,0,PVT
342328.0,2026,4,22,23,5,0,32.8811785,-117.2333214,133.781,100.018,1.831,3.547,3,0,28,0.0111,0.01,0.0,-0.003,0.01,-0.015,0,PVT
342330.0,2026,4,22,23,5,0,32.8811781,-117.2333205,133.668,99.904,1.768,3.42,3,0,28,0.0106,0.004,0.0,0.004,0.0,0.003,0,PVT
342331.0,2026,4,22,23,5,0,32.8811779,-117.2333201,133.649,99.886,1.739,3.361,3,0,29,0.0106,0.005,0.0,0.005,-0.001,0.005,0,PVT
342332.0,2026,4,22,23,5,0,32.8811774,-117.2333195,133.783,100.019,1.71,3.301,3,0,28,0.0108,0.003,0.0,0.0,0.003,-0.005,0,PVT
342333.0,2026,4,22,23,5,0,32.8811852,-117.2333119,130.171,96.408,1.942,3.019,3,0,26,0.011000000000000001,0.012,0.0,-0.01,0.006,0.005,0,PVT
342334.0,2026,4,22,23,5,0,32.8811815,-117.2333028,129.273,95.51,1.441,2.387,3,1,27,0.0103,0.062,0.0,-0.062,0.0,-0.101,0,PVT
342335.0,2026,4,22,23,5,0,32.8811812,-117.2333032,128.908,95.144,1.014,1.856,3,1,28,0.0108,0.022,0.0,-0.017,0.015,-0.1,0,PVT
342336.0,2026,4,22,23,5,0,32.8811818,-117.2333056,128.149,94.386,0.778,1.497,3,1,26,0.011200000000000002,0.007,0.0,0.006,-0.004,0.018,0,PVT
342337.0,2026,4,22,23,5,0,32.8811815,-117.2333073,127.612,93.848,0.644,1.291,3,1,26,0.011699999999999999,0.008,0.0,0.007,-0.004,0.003,0,PVT
342338.0,2026,4,22,23,5,0,32.8811814,-117.2333088,127.181,93.417,0.534,1.065,3,1,28,0.011200000000000002,0.004,0.0,0.004,0.002,0.01,0,PVT
342339.0,2026,4,22,23,5,0,32.8811819,-117.2333104,126.824,93.06,0.456,0.888,3,1,26,0.011399999999999999,0.018,0.0,0.015,-0.011,0.005,0,PVT
342340.0,2026,4,22,23,5,0,32.8811845,-117.233314,125.869,92.106,0.405,0.797,3,1,26,0.012,0.042,0.0,0.035,-0.023,0.138,0,PVT
342341.0,2026,4,22,23,5,0,32.8811889,-117.233321,123.916,90.152,0.363,0.715,3,1,26,0.011699999999999999,0.008,0.0,0.001,0.008,-0.007,0,PVT
342342.0,2026,4,22,23,5,0,32.8811932,-117.2333266,122.206,88.443,0.334,0.66,3,1,25,0.011699999999999999,0.017,0.0,0.016,-0.007,0.076,0,PVT
342343.0,2026,4,22,23,5,0,32.8811973,-117.2333331,120.283,86.519,0.313,0.623,3,1,25,0.0115,0.037,0.0031436847999999997,0.032,-0.018,0.118,0,PVT
342344.0,2026,4,22,23,5,0,32.8811997,-117.2333388,118.337,84.573,0.309,0.614,3,1,27,0.0109,0.055,0.0030878579999999997,0.041,-0.036,0.176,0,PVT
342345.0,2026,4,22,23,5,0,32.8812027,-117.2333455,115.897,82.134,0.286,0.543,3,1,29,0.0103,0.033,0.0030878579999999997,0.028,-0.018,0.143,0,PVT
342346.0,2026,4,22,23,5,0,32.8812043,-117.2333501,114.298,80.535,0.244,0.438,3,1,29,0.0103,0.047,0.0030878579999999997,0.039,-0.027,0.179,0,PVT
342347.0,2026,4,22,23,5,0,32.881205,-117.2333533,113.279,79.515,0.229,0.411,3,1,24,0.0118,0.05,0.0030878579999999997,0.042,-0.028,0.208,0,PVT
342348.0,2026,4,22,23,5,0,32.8812058,-117.2333565,112.505,78.741,0.224,0.426,3,1,29,0.0101,0.042,0.0030878579999999997,0.034,-0.025,0.185,0,PVT
342349.0,2026,4,22,23,5,0,32.8812086,-117.2333608,111.159,77.395,0.205,0.363,3,1,27,0.0103,0.018,0.003105995,0.015,-0.009,0.065,0,PVT
342350.0,2026,4,22,23,5,0,32.8812106,-117.2333642,110.152,76.388,0.195,0.344,3,1,28,0.0102,0.017,0.0031057870000000005,0.014,-0.01,0.087,0,PVT
342351.0,2026,4,22,23,5,0,32.8812113,-117.2333667,109.253,75.489,0.192,0.35,3,1,26,0.010700000000000001,0.029,0.0031057870000000005,0.023,-0.017,0.115,0,PVT
342352.0,2026,4,22,23,5,0,32.8812116,-117.2333685,108.618,74.855,0.191,0.359,3,1,25,0.0116,0.044,0.0031057870000000005,0.04,-0.019,0.189,0,PVT
342353.0,2026,4,22,23,5,0,32.8812118,-117.2333699,107.954,74.191,0.178,0.324,3,1,27,0.0105,0.034,0.0031057870000000005,0.028,-0.019,0.149,0,PVT
342354.0,2026,4,22,23,5,0,32.881212,-117.233371,107.404,73.641,0.164,0.278,3,1,26,0.0105,0.047,0.0031057870000000005,0.038,-0.028,0.187,0,PVT
342355.0,2026,4,22,23,5,0,32.8812119,-117.2333716,107.081,73.317,0.171,0.303,3,1,24,0.0116,0.034,0.0031057870000000005,0.03,-0.017,0.103,0,PVT
342356.0,2026,4,22,23,5,0,32.8812117,-117.2333721,106.843,73.079,0.179,0.351,3,1,26,0.0109,0.016,0.0031057870000000005,0.013,-0.009,0.047,0,PVT
342357.0,2026,4,22,23,5,0,32.8812116,-117.2333728,106.576,72.812,0.163,0.312,3,1,27,0.011200000000000002,0.004,0.0031057870000000005,0.0,0.004,0.005,0,PVT
342358.0,2026,4,22,23,5,0,32.8812114,-117.2333731,106.476,72.712,0.153,0.276,3,1,28,0.0111,0.008,0.0031057870000000005,-0.004,-0.007,0.027,0,PVT
342359.0,2026,4,22,23,5,0,32.8812109,-117.2333733,106.422,72.658,0.145,0.252,3,1,27,0.0109,0.026,0.0031057870000000005,0.018,-0.018,0.083,0,PVT
342360.0,2026,4,22,23,5,0,32.8812105,-117.2333734,106.372,72.609,0.145,0.26,3,1,26,0.010700000000000001,0.014,0.0031057870000000005,-0.012,0.006,-0.069,0,PVT
342361.0,2026,4,22,23,5,0,32.8812102,-117.2333734,106.31,72.547,0.141,0.249,3,1,27,0.0105,0.013,0.0031057870000000005,-0.01,0.008,-0.054,0,PVT
342362.0,2026,4,22,23,5,0,32.88121,-117.2333736,106.203,72.44,0.136,0.243,3,1,27,0.011000000000000001,0.007,0.0031057870000000005,0.005,-0.006,0.034,0,PVT
342363.0,2026,4,22,23,5,0,32.88121,-117.2333738,106.093,72.329,0.135,0.245,3,1,26,0.011899999999999999,0.018,0.0031057870000000005,0.016,-0.007,0.063,0,PVT
342364.0,2026,4,22,23,5,0,32.8812096,-117.2333738,106.053,72.289,0.132,0.242,3,1,27,0.0105,0.009,0.0031057870000000005,-0.009,0.002,-0.013,0,PVT
342365.0,2026,4,22,23,5,0,32.8812095,-117.2333738,105.962,72.198,0.127,0.216,3,1,25,0.011000000000000001,0.005,0.0031057870000000005,-0.002,0.005,-0.008,0,PVT
342366.0,2026,4,22,23,5,0,32.8812094,-117.2333739,105.79,72.027,0.125,0.216,3,1,26,0.0118,0.005,0.0031057870000000005,0.002,0.005,0.008,0,PVT
342367.0,2026,4,22,23,5,0,32.8812094,-117.2333741,105.67,71.906,0.12,0.211,3,1,26,0.0109,0.012,0.0031057870000000005,-0.01,0.008,-0.025,0,PVT
342368.0,2026,4,22,23,5,0,32.8812095,-117.2333743,105.602,71.838,0.114,0.189,3,1,27,0.0105,0.009,0.0031057870000000005,-0.008,0.002,-0.017,0,PVT
342369.0,2026,4,22,23,5,0,32.8812097,-117.2333745,105.63,71.867,0.114,0.196,3,1,26,0.0116,0.004,0.0031057870000000005,0.004,0.002,0.033,0,PVT
342370.0,2026,4,22,23,5,0,32.8812098,-117.2333748,105.671,71.907,0.117,0.205,3,1,26,0.011000000000000001,0.004,0.0031057870000000005,-0.002,0.004,-0.019,0,PVT
342371.0,2026,4,22,23,5,0,32.8812099,-117.2333751,105.774,72.011,0.122,0.228,3,1,26,0.0115,0.011,0.0031057870000000005,-0.008,0.007,-0.045,0,PVT
342372.0,2026,4,22,23,5,0,32.8812102,-117.2333755,105.848,72.085,0.115,0.211,3,1,27,0.0108,0.001,0.0031057870000000005,0.0,0.001,-0.017,0,PVT
342373.0,2026,4,22,23,5,0,32.8812107,-117.2333761,105.796,72.032,0.106,0.183,3,1,26,0.0116,0.011,0.0031057870000000005,0.009,-0.006,0.026,0,PVT
342374.0,2026,4,22,23,5,0,32.8812165,-117.2333754,106.595,72.832,0.014,0.01,3,2,27,0.0108,0.004,0.0031057870000000005,0.003,-0.002,0.003,0,PVT
342375.0,2026,4,22,23,5,0,32.8812165,-117.2333754,106.6,72.837,0.014,0.01,3,2,24,0.0118,0.03,0.0031057870000000005,-0.023,0.018,-0.089,0,PVT
342376.0,2026,4,22,23,5,0,32.8812165,-117.2333754,106.595,72.832,0.014,0.012,3,2,26,0.0111,0.01,0.0031057870000000005,-0.01,0.002,0.005,0,PVT
342377.0,2026,4,22,23,5,0,32.8812166,-117.2333755,106.589,72.825,0.014,0.01,3,2,27,0.0105,0.013,0.0031057870000000005,0.012,-0.005,0.047,0,PVT
342378.0,2026,4,22,23,6,0,32.8812165,-117.2333754,106.592,72.829,0.014,0.01,3,2,27,0.0105,0.002,0.0031057870000000005,-0.002,0.0,0.016,0,PVT
342379.0,2026,4,22,23,6,0,32.8812165,-117.2333754,106.592,72.828,0.014,0.011,3,2,25,0.011699999999999999,0.004,0.0031057870000000005,0.0,-0.004,0.019,0,PVT
342380.0,2026,4,22,23,6,0,32.8812166,-117.2333754,106.591,72.828,0.014,0.012,3,2,26,0.0111,0.007,0.0031057870000000005,-0.006,0.004,-0.024,0,PVT
342381.0,2026,4,22,23,6,0,32.8812166,-117.2333754,106.585,72.822,0.014,0.012,3,2,27,0.011200000000000002,0.011,0.0031057870000000005,-0.008,0.008,-0.047,0,PVT
342382.0,2026,4,22,23,6,0,32.8812166,-117.2333754,106.59,72.826,0.014,0.014,3,2,26,0.011399999999999999,0.024,0.0031057870000000005,0.02,-0.012,0.072,0,PVT
342383.0,2026,4,22,23,6,0,32.8812166,-117.2333755,106.592,72.828,0.014,0.013,3,2,27,0.011200000000000002,0.011,0.0031057870000000005,-0.008,0.009,-0.036,0,PVT
342384.0,2026,4,22,23,6,0,32.8812165,-117.2333754,106.594,72.831,0.014,0.014,3,2,24,0.0123,0.008,0.0031057870000000005,-0.008,0.0,-0.014,0,PVT
342385.0,2026,4,22,23,6,0,32.8812165,-117.2333754,106.598,72.834,0.014,0.013,3,2,27,0.0109,0.007,0.0031057870000000005,-0.007,0.002,-0.021,0,PVT
342386.0,2026,4,22,23,6,0,32.8812165,-117.2333754,106.594,72.83,0.014,0.013,3,2,26,0.0111,0.002,0.0031057870000000005,-0.002,0.001,0.02,0,PVT
342387.0,2026,4,22,23,6,0,32.8812165,-117.2333754,106.586,72.823,0.014,0.01,3,2,26,0.011000000000000001,0.002,0.0031057870000000005,0.001,0.002,0.007,0,PVT
342388.0,2026,4,22,23,6,0,32.8812166,-117.2333755,106.59,72.826,0.014,0.01,3,2,27,0.011000000000000001,0.002,0.0031057870000000005,0.001,0.002,0.007,0,PVT
342389.0,2026,4,22,23,6,0,32.8812166,-117.2333755,106.594,72.831,0.014,0.01,3,2,27,0.011000000000000001,0.007,0.0031057870000000005,0.005,-0.004,-0.006,0,PVT
342390.0,2026,4,22,23,6,0,32.8812166,-117.2333755,106.582,72.818,0.014,0.01,3,2,27,0.011000000000000001,0.001,0.0031057870000000005,0.0,0.001,-0.004,0,PVT
342391.0,2026,4,22,23,6,0,32.8812166,-117.2333755,106.581,72.817,0.014,0.01,3,2,27,0.011000000000000001,0.006,0.0031057870000000005,0.004,0.004,0.015,0,PVT
342392.0,2026,4,22,23,6,0,32.8812166,-117.2333755,106.573,72.81,0.014,0.01,3,2,27,0.011000000000000001,0.006,0.0031057870000000005,0.006,-0.002,-0.001,0,PVT
342393.0,2026,4,22,23,6,0,32.8812166,-117.2333755,106.582,72.819,0.014,0.01,3,2,27,0.011200000000000002,0.003,0.0031057870000000005,0.003,0.001,0.011,0,PVT
342394.0,2026,4,22,23,6,0,32.8812166,-117.2333755,106.587,72.824,0.014,0.01,3,2,26,0.011200000000000002,0.008,0.0031057870000000005,-0.002,0.008,-0.014,0,PVT
342395.0,2026,4,22,23,6,0,32.8812166,-117.2333755,106.58,72.816,0.014,0.01,3,2,27,0.011200000000000002,0.001,0.0031057870000000005,-0.001,0.001,-0.004,0,PVT
342396.0,2026,4,22,23,6,0,32.8812166,-117.2333755,106.577,72.813,0.014,0.01,3,2,26,0.011200000000000002,0.005,0.0031057870000000005,0.005,0.002,0.01,0,PVT
342397.0,2026,4,22,23,6,0,32.8812166,-117.2333755,106.575,72.811,0.014,0.01,3,2,26,0.011399999999999999,0.002,0.0031057870000000005,-0.001,-0.001,0.001,0,PVT
342398.0,2026,4,22,23,6,0,32.8812166,-117.2333755,106.579,72.815,0.014,0.01,3,2,27,0.0108,0.003,0.0031057870000000005,-0.003,0.0,0.002,0,PVT
342399.0,2026,4,22,23,6,0,32.8812166,-117.2333755,106.579,72.815,0.014,0.01,3,2,27,0.0108,0.01,0.0031057870000000005,-0.008,0.006,-0.007,0,PVT
342400.0,2026,4,22,23,6,0,32.8812166,-117.2333755,106.574,72.81,0.014,0.01,3,2,28,0.0108,0.005,0.0031057870000000005,0.004,-0.003,0.0,0,PVT
342401.0,2026,4,22,23,6,0,32.8812166,-117.2333755,106.579,72.815,0.014,0.01,3,2,28,0.0108,0.004,0.0031057870000000005,0.002,0.004,0.006,0,PVT
342402.0,2026,4,22,23,6,0,32.8812167,-117.2333755,106.572,72.808,0.014,0.01,3,2,27,0.011399999999999999,0.004,0.0031057870000000005,0.003,0.003,-0.008,0,PVT
342403.0,2026,4,22,23,6,0,32.8812167,-117.2333755,106.569,72.805,0.014,0.01,3,2,28,0.0108,0.007,0.0031057870000000005,0.007,-0.001,0.01,0,PVT
342404.0,2026,4,22,23,6,0,32.8812166,-117.2333755,106.566,72.803,0.014,0.01,3,2,28,0.0108,0.007,0.0031057870000000005,0.007,-0.002,0.001,0,PVT
342405.0,2026,4,22,23,6,0,32.8812166,-117.2333755,106.566,72.802,0.014,0.01,3,2,28,0.0108,0.003,0.0031057870000000005,0.002,0.003,0.002,0,PVT
342406.0,2026,4,22,23,6,0,32.8812166,-117.2333755,106.568,72.805,0.014,0.01,3,2,28,0.0108,0.006,0.0031057870000000005,0.005,-0.003,0.0,0,PVT
342407.0,2026,4,22,23,6,0,32.8812166,-117.2333755,106.569,72.805,0.014,0.01,3,2,27,0.0113,0.004,0.0031057870000000005,0.004,0.0,-0.003,0,PVT
342408.0,2026,4,22,23,6,0,32.8812166,-117.2333756,106.562,72.798,0.014,0.01,3,2,28,0.0108,0.003,0.0031057870000000005,-0.003,0.001,0.0,0,PVT
342409.0,2026,4,22,23,6,0,32.8812166,-117.2333755,106.567,72.803,0.014,0.01,3,2,28,0.0108,0.002,0.0031057870000000005,0.0,-0.002,0.009,0,PVT
342410.0,2026,4,22,23,6,0,32.8812166,-117.2333755,106.574,72.81,0.014,0.01,3,2,28,0.0108,0.005,0.0031057870000000005,0.003,-0.004,-0.008,0,PVT
342411.0,2026,4,22,23,6,0,32.8812166,-117.2333756,106.571,72.807,0.014,0.01,3,2,28,0.0113,0.004,0.0031057870000000005,0.003,-0.002,-0.005,0,PVT
342412.0,2026,4,22,23,6,0,32.8812167,-117.2333756,106.56,72.796,0.014,0.01,3,2,27,0.012,0.001,0.0031057870000000005,0.0,0.001,0.005,0,PVT
342413.0,2026,4,22,23,6,0,32.8812166,-117.2333756,106.566,72.802,0.014,0.01,3,2,27,0.012,0.004,0.0031057870000000005,0.003,-0.003,0.012,0,PVT
342414.0,2026,4,22,23,6,0,32.8812166,-117.2333756,106.567,72.803,0.014,0.01,3,2,27,0.012,0.003,0.0031057870000000005,0.001,0.002,-0.012,0,PVT
342415.0,2026,4,22,23,6,0,32.8812166,-117.2333756,106.568,72.805,0.014,0.01,3,2,27,0.012,0.009,0.0031057870000000005,-0.005,0.008,0.001,0,PVT
342416.0,2026,4,22,23,6,0,32.8812166,-117.2333756,106.566,72.802,0.014,0.01,3,2,27,0.012,0.003,0.0031057870000000005,-0.003,0.001,-0.003,0,PVT
342417.0,2026,4,22,23,6,0,32.8812166,-117.2333756,106.563,72.799,0.014,0.01,3,2,28,0.0113,0.004,0.0031057870000000005,-0.004,-0.001,0.004,0,PVT
342418.0,2026,4,22,23,6,0,32.8812166,-117.2333756,106.559,72.795,0.014,0.01,3,2,27,0.0113,0.005,0.0031057870000000005,0.004,-0.003,0.003,0,PVT
342419.0,2026,4,22,23,6,0,32.8812167,-117.2333756,106.559,72.796,0.014,0.01,3,2,28,0.0113,0.006,0.0031057870000000005,0.006,-0.002,0.007,0,PVT
342420.0,2026,4,22,23,6,0,32.8812166,-117.2333756,106.57,72.806,0.014,0.01,3,2,26,0.0118,0.01,0.0031057870000000005,0.007,-0.007,-0.001,0,PVT
342421.0,2026,4,22,23,6,0,32.8812166,-117.2333755,106.563,72.8,0.014,0.01,3,2,27,0.0125,0.004,0.0031057870000000005,-0.002,0.003,-0.013,0,PVT
342422.0,2026,4,22,23,6,0,32.8812166,-117.2333755,106.561,72.797,0.014,0.01,3,2,26,0.0125,0.006,0.0031057870000000005,0.002,-0.005,0.009,0,PVT
342423.0,2026,4,22,23,6,0,32.8812166,-117.2333755,106.566,72.802,0.014,0.01,3,2,24,0.0125,0.003,0.0031057870000000005,0.003,-0.001,0.001,0,PVT
342424.0,2026,4,22,23,6,0,32.8812166,-117.2333755,106.57,72.807,0.014,0.01,3,2,25,0.013600000000000001,0.006,0.0031057870000000005,-0.004,0.004,-0.007,0,PVT
342425.0,2026,4,22,23,6,0,32.8812166,-117.2333755,106.573,72.809,0.014,0.01,3,2,27,0.0125,0.008,0.0031057870000000005,-0.004,0.007,-0.004,0,PVT
342426.0,2026,4,22,23,6,0,32.8812166,-117.2333755,106.576,72.813,0.014,0.01,3,2,27,0.0118,0.002,0.0031057870000000005,-0.002,0.001,-0.002,0,PVT
342427.0,2026,4,22,23,6,0,32.8812166,-117.2333755,106.576,72.813,0.014,0.01,3,2,27,0.0115,0.006,0.0031057870000000005,0.006,0.0,-0.001,0,PVT
342428.0,2026,4,22,23,6,0,32.8812166,-117.2333755,106.578,72.815,0.014,0.01,3,2,27,0.0115,0.006,0.0031057870000000005,0.005,-0.004,0.001,0,PVT
342429.0,2026,4,22,23,6,0,32.8812167,-117.2333766,106.557,72.793,0.117,0.036,3,0,25,0.0118,0.139,0.0027363402000000004,0.009,-0.139,0.032,0,PVT
342430.0,2026,4,22,23,6,0,32.8812174,-117.2333772,106.521,72.757,0.182,0.077,3,0,24,0.0165,0.113,0.0034521928000000005,0.11,-0.029,0.035,0,PVT
342431.0,2026,4,22,23,6,0,32.8812176,-117.2333773,106.497,72.733,0.115,0.119,3,1,23,0.0131,0.008,0.003126606,0.0,0.008,0.027,0,PVT
342432.0,2026,4,22,23,6,0,32.8812174,-117.2333773,106.512,72.749,0.078,0.103,3,1,27,0.0121,0.001,0.003126606,0.001,0.0,0.024,0,PVT
342433.0,2026,4,22,23,6,0,32.8812174,-117.2333774,106.506,72.742,0.084,0.125,3,1,25,0.0127,0.013,0.003126606,0.003,-0.012,0.012,0,PVT
342434.0,2026,4,22,23,6,0,32.8812166,-117.2333756,106.572,72.808,0.015,0.035,3,2,27,0.0121,0.04,0.003126606,-0.02,0.035,0.004,0,PVT
342435.0,2026,4,22,23,6,0,32.8812166,-117.2333756,106.574,72.81,0.014,0.016,3,2,27,0.0115,0.004,0.003126606,-0.003,0.002,0.002,0,PVT
342436.0,2026,4,22,23,6,0,32.8812166,-117.2333755,106.583,72.82,0.014,0.011,3,2,28,0.0115,0.003,0.003126606,0.001,-0.003,-0.002,0,PVT
342437.0,2026,4,22,23,6,0,32.8812166,-117.2333755,106.585,72.821,0.014,0.01,3,2,28,0.0115,0.002,0.003126606,0.002,0.0,-0.009,0,PVT
342438.0,2026,4,22,23,7,0,32.8812166,-117.2333755,106.585,72.822,0.014,0.01,3,2,28,0.0115,0.004,0.003126606,0.003,-0.001,-0.001,0,PVT
342439.0,2026,4,22,23,7,0,32.8812166,-117.2333755,106.579,72.815,0.014,0.01,3,2,27,0.0121,0.004,0.003126606,0.0,0.004,-0.001,0,PVT
342440.0,2026,4,22,23,7,0,32.8812166,-117.2333755,106.579,72.816,0.014,0.011,3,2,26,0.0121,0.012,0.003126606,0.008,-0.009,0.007,0,PVT
342441.0,2026,4,22,23,7,0,32.8812166,-117.2333755,106.583,72.819,0.014,0.01,3,2,26,0.0125,0.002,0.003126606,-0.001,-0.002,-0.002,0,PVT
342442.0,2026,4,22,23,7,0,32.8812166,-117.2333755,106.572,72.808,0.014,0.01,3,2,28,0.0125,0.004,0.003126606,0.004,-0.002,-0.005,0,PVT
342443.0,2026,4,22,23,7,0,32.8812166,-117.2333755,106.572,72.808,0.014,0.01,3,2,28,0.0113,0.004,0.003126606,0.003,-0.002,0.012,0,PVT
342444.0,2026,4,22,23,7,0,32.8812166,-117.2333755,106.573,72.809,0.014,0.01,3,2,29,0.0109,0.005,0.003126606,0.004,-0.003,-0.002,0,PVT
342445.0,2026,4,22,23,7,0,32.8812166,-117.2333755,106.571,72.807,0.014,0.01,3,2,29,0.0109,0.003,0.003126606,0.003,0.001,-0.001,0,PVT
342446.0,2026,4,22,23,7,0,32.8812167,-117.2333755,106.571,72.807,0.014,0.01,3,2,28,0.0105,0.004,0.003126606,0.003,-0.003,0.004,0,PVT
342447.0,2026,4,22,23,7,0,32.8812167,-117.2333755,106.539,72.775,0.014,0.01,3,2,29,0.0105,0.005,0.003126606,0.002,-0.005,0.0,0,PVT
342448.0,2026,4,22,23,7,0,32.8812167,-117.2333755,106.558,72.794,0.014,0.01,3,2,28,0.0109,0.003,0.003126606,0.003,-0.002,0.039,0,PVT
342449.0,2026,4,22,23,7,0,32.8812167,-117.2333756,106.561,72.797,0.014,0.01,3,2,28,0.0109,0.005,0.003126606,-0.004,0.003,-0.033,0,PVT
342450.0,2026,4,22,23,7,0,32.8812167,-117.2333756,106.56,72.796,0.014,0.01,3,2,28,0.011200000000000002,0.004,0.003126606,0.0,0.004,0.004,0,PVT
342451.0,2026,4,22,23,7,0,32.8812167,-117.2333756,106.567,72.804,0.014,0.01,3,2,26,0.011200000000000002,0.007,0.003126606,-0.002,0.007,0.0,0,PVT
342452.0,2026,4,22,23,7,0,32.8812166,-117.2333756,106.564,72.801,0.014,0.01,3,2,27,0.011200000000000002,0.005,0.003126606,-0.004,0.002,-0.009,0,PVT
342453.0,2026,4,22,23,7,0,32.8812166,-117.2333756,106.571,72.807,0.014,0.01,3,2,29,0.0108,0.004,0.003126606,0.003,-0.003,0.006,0,PVT
342454.0,2026,4,22,23,7,0,32.8812167,-117.2333756,106.569,72.805,0.014,0.01,3,2,29,0.0108,0.003,0.003126606,0.003,-0.001,-0.009,0,PVT
342455.0,2026,4,22,23,7,0,32.8812166,-117.2333756,106.572,72.808,0.014,0.01,3,2,27,0.0106,0.004,0.003126606,0.0,0.004,0.004,0,PVT
342457.0,2026,4,22,23,7,0,32.8812166,-117.2333755,106.574,72.811,0.014,0.01,3,2,27,0.0109,0.003,0.003126606,-0.003,-0.002,-0.004,0,PVT
342458.0,2026,4,22,23,7,0,32.8812166,-117.2333756,106.569,72.805,0.014,0.01,3,2,29,0.0105,0.001,0.003126606,0.001,0.001,0.004,0,PVT
342459.0,2026,4,22,23,7,0,32.8812166,-117.2333755,106.569,72.805,0.014,0.01,3,2,28,0.0106,0.003,0.003126606,-0.003,0.001,0.004,0,PVT
342460.0,2026,4,22,23,7,0,32.8812166,-117.2333755,106.572,72.809,0.014,0.01,3,2,28,0.0105,0.003,0.003126606,-0.002,-0.002,-0.002,0,PVT
342461.0,2026,4,22,23,7,0,32.8812166,-117.2333755,106.567,72.803,0.014,0.01,3,2,29,0.0105,0.002,0.003126606,0.002,-0.001,-0.004,0,PVT
342462.0,2026,4,22,23,7,0,32.8812166,-117.2333756,106.56,72.796,0.014,0.017,3,2,20,0.013500000000000002,0.022,0.003126606,0.016,-0.015,0.013,0,PVT
342463.0,2026,4,22,23,7,0,32.8812166,-117.2333755,106.568,72.805,0.014,0.011,3,2,27,0.0109,0.002,0.003126606,-0.001,0.002,0.005,0,PVT
342464.0,2026,4,22,23,7,0,32.8812166,-117.2333755,106.6,72.836,0.014,0.01,3,2,27,0.011200000000000002,0.002,0.003126606,0.0,0.002,-0.007,0,PVT
342465.0,2026,4,22,23,7,0,32.8812166,-117.2333755,106.594,72.83,0.014,0.01,3,2,28,0.0105,0.003,0.003126606,-0.002,0.001,-0.032,0,PVT
342466.0,2026,4,22,23,7,0,32.8812165,-117.2333754,106.605,72.841,0.014,0.01,3,2,28,0.0108,0.003,0.003126606,0.002,-0.002,0.011,0,PVT
342467.0,2026,4,22,23,7,0,32.8812165,-117.2333754,106.601,72.837,0.014,0.01,3,2,27,0.011399999999999999,0.005,0.003126606,-0.005,0.002,-0.014,0,PVT
342468.0,2026,4,22,23,7,0,32.8812166,-117.2333755,106.597,72.833,0.014,0.01,3,2,26,0.0111,0.004,0.003126606,-0.002,-0.003,0.006,0,PVT
342469.0,2026,4,22,23,7,0,32.8812166,-117.2333755,106.587,72.823,0.014,0.01,3,2,28,0.0108,0.003,0.003126606,0.002,0.002,0.003,0,PVT
342470.0,2026,4,22,23,7,0,32.8812166,-117.2333755,106.594,72.831,0.014,0.01,3,2,28,0.0108,0.007,0.003126606,0.005,-0.004,0.012,0,PVT
342471.0,2026,4,22,23,7,0,32.8812166,-117.2333755,106.597,72.833,0.014,0.01,3,2,28,0.0108,0.005,0.003126606,0.001,-0.005,-0.01,0,PVT
342472.0,2026,4,22,23,7,0,32.8812166,-117.2333754,106.593,72.83,0.014,0.01,3,2,26,0.0116,0.004,0.003126606,0.003,0.003,0.0,0,PVT
342474.0,2026,4,22,23,7,0,32.8812166,-117.2333755,106.589,72.826,0.014,0.01,3,2,28,0.0116,0.003,0.003126606,0.002,0.002,0.0,0,PVT
342475.0,2026,4,22,23,7,0,32.8812166,-117.2333755,106.584,72.82,0.014,0.01,3,2,28,0.0116,0.005,0.003126606,0.004,0.003,0.003,0,PVT
342476.0,2026,4,22,23,7,0,32.8812166,-117.2333754,106.599,72.835,0.014,0.01,3,2,26,0.011899999999999999,0.009,0.003126606,0.007,-0.005,0.006,0,PVT
342478.0,2026,4,22,23,7,0,32.8812167,-117.2333755,106.547,72.783,0.014,0.011,3,2,28,0.0116,0.013,0.003126606,0.012,-0.005,0.064,0,PVT
342479.0,2026,4,22,23,7,0,32.8812167,-117.2333755,106.548,72.784,0.014,0.01,3,2,28,0.0116,0.005,0.003126606,-0.004,0.003,-0.012,0,PVT
342480.0,2026,4,22,23,7,0,32.8812167,-117.2333755,106.546,72.783,0.014,0.011,3,2,26,0.011000000000000001,0.0,0.003126606,0.0,0.0,0.001,0,PVT
342482.0,2026,4,22,23,7,0,32.8812167,-117.2333755,106.545,72.781,0.014,0.011,3,2,27,0.0115,0.002,0.003126606,-0.001,0.002,-0.002,0,PVT
342483.0,2026,4,22,23,7,0,32.8812166,-117.2333755,106.563,72.799,0.014,0.01,3,2,26,0.0121,0.002,0.003126606,0.001,-0.002,0.003,0,PVT
342484.0,2026,4,22,23,7,0,32.8812167,-117.2333755,106.54,72.776,0.014,0.012,3,2,27,0.0115,0.013,0.003126606,-0.008,0.009,-0.024,0,PVT
342485.0,2026,4,22,23,7,0,32.8812167,-117.2333755,106.542,72.778,0.014,0.012,3,2,27,0.011200000000000002,0.009,0.003126606,0.007,-0.005,0.033,0,PVT
342486.0,2026,4,22,23,7,0,32.8812167,-117.2333755,106.54,72.777,0.014,0.011,3,2,28,0.011200000000000002,0.008,0.003126606,0.007,-0.004,-0.008,0,PVT
342487.0,2026,4,22,23,7,0,32.8812167,-117.2333755,106.546,72.782,0.014,0.011,3,2,28,0.0118,0.008,0.003126606,0.007,-0.002,0.004,0,PVT
342488.0,2026,4,22,23,7,0,32.8812166,-117.2333755,106.554,72.791,0.014,0.01,3,2,30,0.010700000000000001,0.002,0.003126606,-0.001,0.002,-0.008,0,PVT
342489.0,2026,4,22,23,7,0,32.8812167,-117.2333755,106.554,72.79,0.014,0.011,3,2,28,0.011399999999999999,0.006,0.003126606,0.006,-0.002,-0.008,0,PVT
342490.0,2026,4,22,23,7,0,32.8812167,-117.2333755,106.549,72.785,0.014,0.011,3,2,30,0.010700000000000001,0.004,0.003126606,0.002,-0.004,0.003,0,PVT
342491.0,2026,4,22,23,7,0,32.8812167,-117.2333755,106.552,72.788,0.014,0.01,3,2,29,0.01,0.008,0.003126606,0.005,-0.006,0.005,0,PVT
342492.0,2026,4,22,23,7,0,32.8812166,-117.2333755,106.557,72.793,0.014,0.01,3,2,28,0.0104,0.004,0.003126606,0.003,-0.003,-0.005,0,PVT
342493.0,2026,4,22,23,7,0,32.8812167,-117.2333755,106.555,72.791,0.014,0.01,3,2,30,0.01,0.0,0.003126606,0.0,0.0,-0.006,0,PVT
342494.0,2026,4,22,23,7,0,32.8812166,-117.2333755,106.56,72.796,0.014,0.01,3,2,29,0.0101,0.002,0.003126606,0.001,-0.002,0.002,0,PVT
342495.0,2026,4,22,23,7,0,32.8812166,-117.2333755,106.562,72.798,0.014,0.01,3,2,28,0.0109,0.005,0.003126606,-0.002,0.004,-0.007,0,PVT
342496.0,2026,4,22,23,7,0,32.8812166,-117.2333755,106.565,72.801,0.014,0.01,3,2,30,0.0104,0.006,0.003126606,0.002,0.005,0.0,0,PVT
342497.0,2026,4,22,23,7,0,32.8812166,-117.2333755,106.559,72.795,0.014,0.01,3,2,29,0.0108,0.006,0.003126606,0.005,0.003,-0.003,0,PVT
342498.0,2026,4,22,23,8,0,32.8812166,-117.2333755,106.559,72.796,0.014,0.01,3,2,29,0.0108,0.008,0.003126606,0.003,-0.007,0.01,0,PVT
342499.0,2026,4,22,23,8,0,32.8812166,-117.2333755,106.56,72.796,0.014,0.011,3,2,28,0.0121,0.001,0.003126606,0.0,-0.001,0.0,0,PVT
342501.0,2026,4,22,23,8,0,32.8812166,-117.2333753,106.592,72.828,0.077,0.07,3,1,27,0.0163,0.021,0.003126606,-0.011,0.018,-0.018,0,PVT
342502.0,2026,4,22,23,8,0,32.8812166,-117.2333752,106.6,72.836,0.039,0.078,3,1,23,0.0123,0.018,0.003126606,-0.011,0.015,-0.019,0,PVT
342503.0,2026,4,22,23,8,0,32.8812166,-117.2333753,106.603,72.839,0.019,0.033,3,1,27,0.011699999999999999,0.065,0.003126606,0.062,0.019,-0.014,0,PVT
342504.0,2026,4,22,23,8,0,32.8812166,-117.2333753,106.605,72.841,0.015,0.025,3,1,29,0.0121,0.011,0.003126606,0.001,-0.011,-0.01,0,PVT
342505.0,2026,4,22,23,8,0,32.8812166,-117.2333753,106.602,72.839,0.014,0.023,3,1,28,0.012199999999999999,0.002,0.003126606,0.002,0.001,-0.002,0,PVT
342506.0,2026,4,22,23,8,0,32.8812166,-117.2333753,106.598,72.834,0.014,0.023,3,1,29,0.0121,0.005,0.003126606,0.002,-0.004,0.001,0,PVT
342507.0,2026,4,22,23,8,0,32.8812166,-117.2333755,106.553,72.789,0.014,0.01,3,2,27,0.0137,0.003,0.003126606,-0.002,0.002,0.003,0,PVT
342508.0,2026,4,22,23,8,0,32.8812166,-117.2333755,106.56,72.796,0.014,0.01,3,2,29,0.0121,0.003,0.003126606,0.002,-0.002,0.003,0,PVT
342509.0,2026,4,22,23,8,0,32.8812166,-117.2333755,106.559,72.795,0.014,0.01,3,2,30,0.0123,0.008,0.003126606,-0.008,0.0,-0.008,0,PVT
342510.0,2026,4,22,23,8,0,32.8812166,-117.2333755,106.561,72.797,0.014,0.01,3,2,30,0.011200000000000002,0.001,0.003126606,-0.001,-0.001,0.003,0,PVT
342511.0,2026,4,22,23,8,0,32.8812169,-117.233376,106.566,72.802,0.099,0.038,3,0,31,0.0123,0.088,0.003126606,0.044,-0.076,-0.006,0,PVT
342512.0,2026,4,22,23,8,0,32.8812169,-117.233376,106.565,72.802,0.048,0.039,3,1,29,0.0109,0.001,0.003126606,0.001,0.0,-0.006,0,PVT
342513.0,2026,4,22,23,8,0,32.8812169,-117.233376,106.567,72.803,0.047,0.043,3,1,29,0.0116,0.002,0.003126606,0.001,0.002,-0.001,0,PVT
342514.0,2026,4,22,23,8,0,32.8812169,-117.233376,106.571,72.807,0.045,0.044,3,1,31,0.0111,0.004,0.003126606,0.002,0.003,-0.002,0,PVT
342515.0,2026,4,22,23,8,0,32.8812168,-117.233376,106.577,72.814,0.041,0.036,3,1,31,0.0102,0.005,0.003126606,0.005,0.003,-0.002,0,PVT
342516.0,2026,4,22,23,8,0,32.8812168,-117.233376,106.574,72.81,0.04,0.035,3,1,30,0.011000000000000001,0.004,0.003126606,0.003,0.003,-0.004,0,PVT
342517.0,2026,4,22,23,8,0,32.8812168,-117.233376,106.572,72.808,0.04,0.036,3,1,30,0.011000000000000001,0.005,0.003126606,0.001,0.005,-0.001,0,PVT
342518.0,2026,4,22,23,8,0,32.8812168,-117.233376,106.572,72.808,0.042,0.039,3,1,29,0.011000000000000001,0.005,0.003126606,0.005,0.001,0.0,0,PVT
342519.0,2026,4,22,23,8,0,32.8812169,-117.233376,106.572,72.808,0.042,0.039,3,1,31,0.0102,0.005,0.003126606,0.005,-0.001,0.0,0,PVT
342520.0,2026,4,22,23,8,0,32.8812169,-117.233376,106.572,72.808,0.04,0.036,3,1,30,0.0115,0.005,0.003126606,0.003,-0.004,0.0,0,PVT
342521.0,2026,4,22,23,8,0,32.8812169,-117.2333761,106.564,72.8,0.038,0.033,3,1,29,0.0115,0.004,0.003126606,0.004,0.0,0.0,0,PVT
342522.0,2026,4,22,23,8,0,32.8812169,-117.233376,106.563,72.799,0.038,0.034,3,1,30,0.0105,0.006,0.003126606,0.006,0.0,0.005,0,PVT
342523.0,2026,4,22,23,8,0,32.8812169,-117.233376,106.565,72.801,0.04,0.039,3,1,29,0.0105,0.005,0.003126606,0.0,0.005,0.002,0,PVT
342524.0,2026,4,22,23,8,0,32.8812169,-117.233376,106.557,72.793,0.039,0.035,3,1,31,0.0102,0.004,0.003126606,-0.001,-0.004,0.0,0,PVT
342525.0,2026,4,22,23,8,0,32.8812169,-117.233376,106.556,72.793,0.037,0.033,3,1,31,0.0095,0.007,0.003126606,0.005,-0.005,0.004,0,PVT
342526.0,2026,4,22,23,8,0,32.8812169,-117.233376,106.558,72.794,0.037,0.033,3,1,31,0.0096,0.003,0.003126606,0.0,-0.003,0.002,0,PVT
342527.0,2026,4,22,23,8,0,32.8812169,-117.2333761,106.564,72.801,0.039,0.033,3,1,27,0.0111,0.015,0.003126606,0.006,-0.014,0.005,0,PVT
342528.0,2026,4,22,23,8,0,32.8812169,-117.233376,106.56,72.796,0.041,0.036,3,1,30,0.0103,0.009,0.003126606,-0.009,-0.003,-0.004,0,PVT
342529.0,2026,4,22,23,8,0,32.8812169,-117.233376,106.56,72.797,0.039,0.038,3,1,29,0.010700000000000001,0.007,0.003126606,-0.006,0.003,0.0,0,PVT
342530.0,2026,4,22,23,8,0,32.8812169,-117.2333759,106.559,72.795,0.038,0.038,3,1,30,0.0101,0.003,0.003126606,-0.002,-0.002,-0.002,0,PVT
342531.0,2026,4,22,23,8,0,32.8812169,-117.2333759,106.554,72.79,0.038,0.036,3,1,31,0.0104,0.003,0.003126606,-0.001,-0.003,0.0,0,PVT
342532.0,2026,4,22,23,8,0,32.8812168,-117.2333759,106.549,72.785,0.039,0.037,3,1,30,0.0101,0.008,0.003126606,0.006,-0.006,0.005,0,PVT
342533.0,2026,4,22,23,8,0,32.8812167,-117.2333758,106.551,72.787,0.039,0.035,3,1,30,0.0101,0.003,0.003126606,0.001,-0.003,0.004,0,PVT
342534.0,2026,4,22,23,8,0,32.8812167,-117.2333757,106.555,72.792,0.037,0.037,3,1,29,0.011200000000000002,0.012,0.003126606,0.011,-0.004,0.0,0,PVT
342535.0,2026,4,22,23,8,0,32.8812166,-117.2333756,106.567,72.804,0.037,0.037,3,1,31,0.0106,0.008,0.003126606,0.006,0.006,-0.003,0,PVT
342536.0,2026,4,22,23,8,0,32.8812165,-117.2333755,106.564,72.801,0.036,0.033,3,1,31,0.009899999999999999,0.01,0.003126606,0.009,0.004,-0.009,0,PVT
342537.0,2026,4,22,23,8,0,32.8812164,-117.2333754,106.569,72.805,0.036,0.031,3,1,31,0.009899999999999999,0.006,0.003126606,0.005,0.003,-0.002,0,PVT
342538.0,2026,4,22,23,8,0,32.8812164,-117.2333753,106.568,72.804,0.036,0.031,3,1,30,0.0102,0.006,0.003126606,0.006,0.001,-0.003,0,PVT
342539.0,2026,4,22,23,8,0,32.8812164,-117.2333753,106.572,72.808,0.036,0.031,3,1,31,0.009899999999999999,0.009,0.003126606,0.009,0.0,-0.001,0,PVT
342540.0,2026,4,22,23,8,0,32.8812163,-117.2333752,106.569,72.806,0.035,0.033,3,1,30,0.0102,0.006,0.003126606,0.005,0.004,-0.002,0,PVT
342541.0,2026,4,22,23,8,0,32.8812162,-117.2333751,106.575,72.811,0.035,0.032,3,1,31,0.0097,0.002,0.003126606,0.001,0.001,0.001,0,PVT
342542.0,2026,4,22,23,8,0,32.8812161,-117.233375,106.577,72.813,0.034,0.028,3,1,31,0.0096,0.003,0.003126606,0.0,-0.003,-0.003,0,PVT
342544.0,2026,4,22,23,8,0,32.8812159,-117.2333747,106.584,72.821,0.036,0.029,3,1,31,0.0097,0.007,0.003126606,0.007,0.0,-0.002,0,PVT
342545.0,2026,4,22,23,8,0,32.8812159,-117.2333746,106.586,72.823,0.036,0.028,3,1,31,0.0097,0.002,0.003126606,0.001,0.001,-0.003,0,PVT
342546.0,2026,4,22,23,8,0,32.8812158,-117.2333746,106.589,72.825,0.035,0.028,3,1,31,0.0097,0.003,0.003126606,0.0,-0.003,-0.002,0,PVT
342547.0,2026,4,22,23,8,0,32.8812157,-117.2333744,106.59,72.826,0.035,0.028,3,1,31,0.0097,0.003,0.003126606,0.001,0.003,-0.002,0,PVT
342548.0,2026,4,22,23,8,0,32.8812156,-117.2333743,106.595,72.831,0.036,0.029,3,1,29,0.01,0.007,0.003126606,0.006,0.003,0.0,0,PVT
342549.0,2026,4,22,23,8,0,32.8812155,-117.2333742,106.593,72.829,0.036,0.029,3,1,31,0.01,0.004,0.003126606,0.004,-0.002,-0.003,0,PVT
342550.0,2026,4,22,23,8,0,32.8812154,-117.2333741,106.599,72.835,0.036,0.029,3,1,31,0.01,0.002,0.003126606,-0.002,0.0,0.0,0,PVT
342551.0,2026,4,22,23,8,0,32.8812153,-117.2333739,106.604,72.84,0.036,0.029,3,1,31,0.01,0.006,0.003126606,-0.004,0.004,-0.006,0,PVT
342552.0,2026,4,22,23,8,0,32.8812151,-117.2333738,106.602,72.839,0.035,0.029,3,1,31,0.0104,0.007,0.003126606,-0.006,-0.004,-0.006,0,PVT
342553.0,2026,4,22,23,8,0,32.8812149,-117.2333736,106.604,72.84,0.035,0.029,3,1,31,0.0103,0.004,0.003126606,-0.004,0.0,-0.002,0,PVT
342554.0,2026,4,22,23,8,0,32.8812148,-117.2333735,106.607,72.843,0.035,0.029,3,1,30,0.0103,0.004,0.003126606,-0.001,0.004,-0.001,0,PVT
342555.0,2026,4,22,23,8,0,32.8812147,-117.2333734,106.605,72.841,0.035,0.029,3,1,31,0.0103,0.005,0.003126606,-0.001,-0.005,-0.002,0,PVT
342556.0,2026,4,22,23,8,0,32.8812146,-117.2333732,106.612,72.848,0.033,0.028,3,1,31,0.0103,0.005,0.003126606,0.003,-0.004,0.001,0,PVT
342557.0,2026,4,22,23,8,0,32.8812144,-117.2333731,106.617,72.854,0.034,0.031,3,1,31,0.0103,0.004,0.003126606,0.004,0.001,-0.004,0,PVT
342558.0,2026,4,22,23,9,0,32.8812142,-117.2333729,106.627,72.863,0.032,0.028,3,1,31,0.0103,0.007,0.003126606,0.003,0.006,-0.005,0,PVT
342559.0,2026,4,22,23,9,0,32.8812141,-117.2333728,106.625,72.861,0.032,0.028,3,1,30,0.0103,0.007,0.003126606,0.007,0.001,-0.007,0,PVT
342560.0,2026,4,22,23,9,0,32.8812141,-117.2333727,106.624,72.86,0.032,0.028,3,1,31,0.0103,0.005,0.003126606,0.003,0.004,-0.002,0,PVT
342561.0,2026,4,22,23,9,0,32.8812141,-117.2333727,106.614,72.85,0.032,0.028,3,1,31,0.0103,0.005,0.003126606,0.005,0.0,0.001,0,PVT
342562.0,2026,4,22,23,9,0,32.8812141,-117.2333726,106.619,72.855,0.031,0.028,3,1,31,0.0103,0.011,0.003126606,0.01,-0.005,0.009,0,PVT
342563.0,2026,4,22,23,9,0,32.8812139,-117.2333724,106.629,72.865,0.031,0.028,3,1,31,0.0103,0.001,0.003126606,0.0,0.001,-0.001,0,PVT
342564.0,2026,4,22,23,9,0,32.8812138,-117.2333723,106.622,72.858,0.031,0.027,3,1,31,0.0103,0.002,0.003126606,-0.002,0.001,-0.007,0,PVT
342565.0,2026,4,22,23,9,0,32.8812137,-117.2333721,106.623,72.86,0.032,0.028,3,1,31,0.0105,0.01,0.003126606,0.01,0.001,0.004,0,PVT
342566.0,2026,4,22,23,9,0,32.8812137,-117.233372,106.628,72.865,0.032,0.031,3,1,31,0.011200000000000002,0.004,0.003126606,0.0,-0.004,0.001,0,PVT
342567.0,2026,4,22,23,9,0,32.8812137,-117.233372,106.637,72.873,0.032,0.032,3,1,30,0.011200000000000002,0.003,0.003126606,-0.001,-0.002,-0.005,0,PVT
342568.0,2026,4,22,23,9,0,32.8812138,-117.2333721,106.635,72.871,0.031,0.031,3,1,31,0.011200000000000002,0.001,0.003126606,-0.001,-0.001,-0.007,0,PVT
342569.0,2026,4,22,23,9,0,32.8812138,-117.233372,106.628,72.864,0.031,0.031,3,1,30,0.011200000000000002,0.006,0.003126606,0.005,-0.003,-0.001,0,PVT
342570.0,2026,4,22,23,9,0,32.8812139,-117.2333721,106.62,72.856,0.031,0.031,3,1,31,0.011200000000000002,0.005,0.003126606,0.004,-0.002,0.005,0,PVT
342571.0,2026,4,22,23,9,0,32.8812139,-117.2333719,106.637,72.873,0.034,0.041,3,1,29,0.011699999999999999,0.005,0.003126606,0.002,-0.004,0.003,0,PVT
342572.0,2026,4,22,23,9,0,32.8812139,-117.2333719,106.634,72.87,0.034,0.042,3,1,30,0.0108,0.007,0.003126606,-0.003,0.006,-0.005,0,PVT
342573.0,2026,4,22,23,9,0,32.8812139,-117.2333719,106.647,72.883,0.034,0.046,3,1,30,0.0121,0.001,0.003126606,-0.001,0.0,-0.006,0,PVT
342574.0,2026,4,22,23,9,0,32.8812139,-117.2333719,106.646,72.882,0.034,0.046,3,1,31,0.011699999999999999,0.005,0.003126606,0.003,-0.004,0.02,0,PVT
342575.0,2026,4,22,23,9,0,32.881214,-117.233372,106.644,72.88,0.033,0.041,3,1,30,0.011699999999999999,0.009,0.003126606,0.005,-0.008,0.057,0,PVT
342576.0,2026,4,22,23,9,0,32.881214,-117.2333721,106.637,72.874,0.034,0.044,3,1,29,0.0124,0.005,0.003126606,0.004,-0.003,0.013,0,PVT
342577.0,2026,4,22,23,9,0,32.8812141,-117.2333721,106.639,72.875,0.033,0.044,3,1,30,0.011399999999999999,0.006,0.003126606,0.0,0.006,-0.013,0,PVT
342578.0,2026,4,22,23,9,0,32.8812141,-117.2333722,106.636,72.872,0.032,0.04,3,1,31,0.011399999999999999,0.004,0.003126606,0.004,0.002,-0.015,0,PVT
342579.0,2026,4,22,23,9,0,32.8812142,-117.2333723,106.633,72.869,0.032,0.04,3,1,31,0.011399999999999999,0.003,0.003126606,0.003,0.0,-0.003,0,PVT
342580.0,2026,4,22,23,9,0,32.8812142,-117.2333724,106.633,72.869,0.032,0.04,3,1,31,0.011399999999999999,0.006,0.003126606,-0.002,0.005,-0.022,0,PVT
342581.0,2026,4,22,23,9,0,32.8812143,-117.2333724,106.634,72.87,0.032,0.043,3,1,29,0.0121,0.002,0.003126606,0.001,-0.001,0.028,0,PVT
342582.0,2026,4,22,23,9,0,32.8812143,-117.2333726,106.621,72.857,0.034,0.046,3,1,28,0.012199999999999999,0.006,0.003126606,0.003,-0.006,0.011,0,PVT
342583.0,2026,4,22,23,9,0,32.8812142,-117.2333725,106.62,72.856,0.032,0.041,3,1,30,0.011399999999999999,0.002,0.003126606,0.002,0.0,0.003,0,PVT
342584.0,2026,4,22,23,9,0,32.8812143,-117.2333726,106.598,72.835,0.031,0.039,3,1,30,0.011399999999999999,0.034,0.003126606,0.023,-0.024,0.122,0,PVT
342585.0,2026,4,22,23,9,0,32.8812142,-117.2333726,106.604,72.841,0.031,0.039,3,1,31,0.0113,0.025,0.003126606,0.02,-0.015,0.117,0,PVT
342586.0,2026,4,22,23,9,0,32.8812142,-117.2333726,106.61,72.846,0.031,0.043,3,1,30,0.0108,0.026,0.003126606,-0.02,0.017,-0.159,0,PVT
342587.0,2026,4,22,23,9,0,32.8812142,-117.2333726,106.61,72.847,0.032,0.048,3,1,28,0.011399999999999999,0.019,0.003126606,-0.016,0.01,-0.085,0,PVT
342588.0,2026,4,22,23,9,0,32.8812143,-117.2333727,106.589,72.825,0.032,0.048,3,1,31,0.0116,0.003,0.003126606,-0.003,0.001,-0.017,0,PVT
342589.0,2026,4,22,23,9,0,32.8812143,-117.2333728,106.583,72.819,0.031,0.043,3,1,30,0.0105,0.006,0.003126606,-0.005,0.004,-0.005,0,PVT
342590.0,2026,4,22,23,9,0,32.8812144,-117.2333728,106.579,72.815,0.029,0.041,3,1,30,0.0103,0.004,0.003126606,-0.003,0.003,-0.006,0,PVT
342591.0,2026,4,22,23,9,0,32.8812144,-117.2333729,106.569,72.805,0.028,0.037,3,1,29,0.0108,0.003,0.003126606,0.003,-0.001,0.011,0,PVT
342592.0,2026,4,22,23,9,0,32.8812144,-117.2333729,106.569,72.805,0.029,0.041,3,1,29,0.011399999999999999,0.003,0.003126606,0.001,-0.003,0.033,0,PVT
342593.0,2026,4,22,23,9,0,32.8812144,-117.233373,106.567,72.804,0.029,0.04,3,1,29,0.0111,0.006,0.003126606,-0.006,0.001,-0.034,0,PVT
342594.0,2026,4,22,23,9,0,32.8812143,-117.233373,106.577,72.814,0.028,0.04,3,1,27,0.012,0.004,0.003126606,-0.004,-0.001,-0.016,0,PVT
342595.0,2026,4,22,23,9,0,32.8812143,-117.233373,106.567,72.803,0.028,0.04,3,1,28,0.011399999999999999,0.005,0.003126606,-0.005,0.0,-0.014,0,PVT
342596.0,2026,4,22,23,9,0,32.8812144,-117.2333731,106.556,72.792,0.028,0.04,3,1,28,0.011399999999999999,0.002,0.003126606,0.002,-0.001,0.009,0,PVT
342597.0,2026,4,22,23,9,0,32.8812144,-117.2333731,106.552,72.788,0.028,0.04,3,1,28,0.011399999999999999,0.008,0.003126606,0.007,-0.004,0.0,0,PVT
342598.0,2026,4,22,23,9,0,32.8812144,-117.2333732,106.538,72.774,0.028,0.04,3,1,28,0.011399999999999999,0.006,0.003126606,0.006,0.0,0.017,0,PVT
342599.0,2026,4,22,23,9,0,32.8812145,-117.2333732,106.542,72.778,0.028,0.04,3,1,27,0.012,0.01,0.003126606,0.008,-0.007,0.025,0,PVT
342600.0,2026,4,22,23,9,0,32.8812145,-117.2333733,106.527,72.763,0.028,0.04,3,1,27,0.012,0.01,0.003126606,0.01,-0.001,0.007,0,PVT
342601.0,2026,4,22,23,9,0,32.8812145,-117.2333733,106.524,72.761,0.028,0.04,3,1,28,0.010700000000000001,0.008,0.003126606,-0.005,0.007,-0.035,0,PVT
342603.0,2026,4,22,23,9,0,32.8812144,-117.2333733,106.519,72.756,0.027,0.039,3,1,28,0.010700000000000001,0.009,0.003126606,0.009,-0.003,0.029,0,PVT
342604.0,2026,4,22,23,9,0,32.8812144,-117.2333733,106.515,72.752,0.027,0.039,3,1,29,0.010700000000000001,0.013,0.003126606,0.012,-0.005,0.033,0,PVT
342605.0,2026,4,22,23,9,0,32.8812144,-117.2333733,106.514,72.75,0.027,0.039,3,1,30,0.0104,0.01,0.003126606,-0.009,0.005,-0.065,0,PVT
342606.0,2026,4,22,23,9,0,32.8812144,-117.2333734,106.507,72.744,0.026,0.038,3,1,30,0.010700000000000001,0.007,0.003126606,0.004,0.006,-0.043,0,PVT
342607.0,2026,4,22,23,9,0,32.8812144,-117.2333735,106.502,72.738,0.026,0.038,3,1,29,0.0104,0.003,0.003126606,-0.001,0.003,-0.024,0,PVT
342608.0,2026,4,22,23,9,0,32.8812144,-117.2333735,106.491,72.727,0.026,0.039,3,1,29,0.0111,0.002,0.003126606,-0.001,0.002,-0.011,0,PVT
342609.0,2026,4,22,23,9,0,32.8812144,-117.2333737,106.493,72.729,0.026,0.039,3,1,30,0.010700000000000001,0.007,0.003126606,0.002,-0.007,0.025,0,PVT
342610.0,2026,4,22,23,9,0,32.8812144,-117.2333738,106.49,72.726,0.026,0.038,3,1,29,0.0103,0.029,0.003126606,0.025,-0.014,0.162,0,PVT
342611.0,2026,4,22,23,9,0,32.8812144,-117.2333738,106.471,72.707,0.026,0.038,3,1,30,0.010700000000000001,0.008,0.003126606,-0.007,0.005,-0.034,0,PVT
342612.0,2026,4,22,23,9,0,32.8812144,-117.2333739,106.471,72.708,0.03,0.047,3,1,29,0.0118,0.038,0.003126606,0.036,-0.014,0.155,0,PVT
342613.0,2026,4,22,23,9,0,32.8812144,-117.2333739,106.451,72.687,0.036,0.059,3,1,30,0.011399999999999999,0.016,0.003126606,-0.016,-0.004,-0.028,0,PVT
342614.0,2026,4,22,23,9,0,32.8812144,-117.233374,106.457,72.694,0.033,0.057,3,1,28,0.011200000000000002,0.016,0.003126606,-0.013,0.01,-0.074,0,PVT
342615.0,2026,4,22,23,9,0,32.8812144,-117.2333739,106.454,72.69,0.026,0.039,3,1,30,0.0103,0.015,0.003126606,-0.011,0.01,-0.057,0,PVT
342616.0,2026,4,22,23,9,0,32.8812145,-117.233374,106.43,72.666,0.025,0.035,3,1,29,0.0108,0.006,0.003126606,0.006,0.001,0.036,0,PVT
342617.0,2026,4,22,23,9,0,32.8812145,-117.2333741,106.414,72.65,0.027,0.043,3,1,29,0.0109,0.027,0.003126606,0.023,-0.014,0.102,0,PVT
342618.0,2026,4,22,23,10,0,32.8812145,-117.2333741,106.41,72.646,0.027,0.039,3,1,30,0.0108,0.006,0.003126606,-0.006,0.003,-0.02,0,PVT
342619.0,2026,4,22,23,10,0,32.8812145,-117.2333741,106.413,72.649,0.025,0.038,3,1,30,0.0103,0.006,0.003126606,-0.005,0.004,-0.039,0,PVT
342620.0,2026,4,22,23,10,0,32.8812144,-117.2333742,106.413,72.649,0.029,0.041,3,1,29,0.0115,0.008,0.003126606,-0.008,0.002,-0.038,0,PVT
342621.0,2026,4,22,23,10,0,32.8812144,-117.2333743,106.406,72.643,0.029,0.041,3,1,30,0.0103,0.006,0.003126606,0.005,-0.002,0.011,0,PVT
342622.0,2026,4,22,23,10,0,32.8812144,-117.2333743,106.402,72.638,0.024,0.034,3,1,31,0.0103,0.009,0.003126606,0.009,-0.003,0.043,0,PVT
342623.0,2026,4,22,23,10,0,32.8812144,-117.2333744,106.386,72.623,0.025,0.037,3,1,31,0.0103,0.004,0.003126606,-0.001,0.004,0.005,0,PVT
342624.0,2026,4,22,23,10,0,32.8812144,-117.2333744,106.381,72.617,0.024,0.033,3,1,30,0.0103,0.01,0.003126606,-0.006,0.008,-0.033,0,PVT
342625.0,2026,4,22,23,10,0,32.8812145,-117.2333746,106.339,72.575,0.036,0.067,3,1,28,0.011899999999999999,0.034,0.003126606,0.03,-0.015,0.115,0,PVT
342626.0,2026,4,22,23,10,0,32.8812146,-117.2333746,106.285,72.521,0.045,0.1,3,1,24,0.0154,0.028,0.003126606,0.028,-0.002,0.141,0,PVT
342627.0,2026,4,22,23,10,0,32.8812145,-117.2333739,106.484,72.72,0.12,0.227,3,1,25,0.02,0.117,0.003126606,-0.018,0.116,-0.339,0,PVT
342628.0,2026,4,22,23,10,0,32.8812146,-117.2333741,106.432,72.668,0.175,0.278,3,1,27,0.0106,0.023,0.003126606,-0.017,0.016,-0.127,0,PVT
342629.0,2026,4,22,23,10,0,32.8812146,-117.2333747,106.261,72.498,0.032,0.052,3,1,29,0.0103,0.008,0.003126606,-0.002,0.008,-0.049,0,PVT
342630.0,2026,4,22,23,10,0,32.8812147,-117.2333747,106.244,72.48,0.035,0.064,3,1,26,0.0113,0.008,0.003126606,0.008,-0.001,0.038,0,PVT
342631.0,2026,4,22,23,10,0,32.8812146,-117.2333746,106.274,72.511,0.033,0.055,3,1,25,0.012199999999999999,0.007,0.003126606,-0.001,-0.007,0.004,0,PVT
342633.0,2026,4,22,23,10,0,32.8812146,-117.2333747,106.245,72.481,0.025,0.036,3,1,28,0.0105,0.007,0.003126606,-0.001,0.007,-0.018,0,PVT
342634.0,2026,4,22,23,10,0,32.8812146,-117.2333746,106.25,72.486,0.025,0.034,3,1,28,0.011000000000000001,0.01,0.003126606,-0.008,0.006,-0.041,0,PVT
342635.0,2026,4,22,23,10,0,32.8812164,-117.2333752,106.621,72.857,0.014,0.011,3,2,29,0.0102,0.005,0.003126606,0.001,0.005,-0.005,0,PVT
342636.0,2026,4,22,23,10,0,32.8812164,-117.2333752,106.632,72.868,0.014,0.012,3,2,30,0.01,0.005,0.003126606,0.001,0.005,-0.004,0,PVT
342637.0,2026,4,22,23,10,0,32.8812164,-117.2333752,106.627,72.864,0.014,0.012,3,2,30,0.0101,0.01,0.003126606,-0.005,0.008,-0.005,0,PVT
342638.0,2026,4,22,23,10,0,32.8812164,-117.2333752,106.624,72.86,0.014,0.013,3,2,29,0.01,0.007,0.003126606,0.001,0.007,0.008,0,PVT
342639.0,2026,4,22,23,10,0,32.8812164,-117.2333751,106.63,72.866,0.014,0.013,3,2,31,0.0098,0.003,0.003126606,-0.003,0.0,0.017,0,PVT
342640.0,2026,4,22,23,10,0,32.8812164,-117.2333752,106.621,72.857,0.014,0.014,3,2,28,0.0103,0.004,0.003126606,0.004,-0.002,0.016,0,PVT
342641.0,2026,4,22,23,10,0,32.8812165,-117.2333752,106.623,72.86,0.014,0.015,3,2,31,0.0098,0.01,0.003126606,0.009,-0.004,0.009,0,PVT
342642.0,2026,4,22,23,10,0,32.8812165,-117.2333752,106.623,72.859,0.014,0.014,3,2,30,0.0098,0.012,0.003126606,0.01,-0.007,0.018,0,PVT
342643.0,2026,4,22,23,10,0,32.8812165,-117.2333752,106.625,72.861,0.014,0.013,3,2,32,0.0095,0.008,0.003126606,0.005,0.005,0.01,0,PVT
342644.0,2026,4,22,23,10,0,32.8812165,-117.2333752,106.624,72.86,0.014,0.013,3,2,31,0.0095,0.006,0.003126606,0.002,0.005,-0.011,0,PVT
342645.0,2026,4,22,23,10,0,32.8812164,-117.2333752,106.628,72.864,0.014,0.014,3,2,29,0.01,0.006,0.003126606,0.001,0.006,-0.03,0,PVT
342646.0,2026,4,22,23,10,0,32.8812164,-117.2333752,106.629,72.865,0.014,0.014,3,2,30,0.0097,0.005,0.003126606,0.005,0.003,0.009,0,PVT
342647.0,2026,4,22,23,10,0,32.8812164,-117.2333752,106.626,72.862,0.014,0.015,3,2,28,0.011200000000000002,0.006,0.003126606,0.006,0.0,0.035,0,PVT
342648.0,2026,4,22,23,10,0,32.8812164,-117.2333751,106.631,72.868,0.014,0.015,3,2,30,0.0103,0.005,0.003126606,0.003,0.004,0.012,0,PVT
342649.0,2026,4,22,23,10,0,32.8812164,-117.2333751,106.63,72.866,0.014,0.014,3,2,30,0.0111,0.007,0.003126606,0.007,0.001,0.005,0,PVT
342650.0,2026,4,22,23,10,0,32.8812164,-117.2333751,106.638,72.874,0.014,0.016,3,2,29,0.011699999999999999,0.003,0.003126606,0.003,-0.002,0.006,0,PVT
342651.0,2026,4,22,23,10,0,32.8812164,-117.2333751,106.632,72.869,0.014,0.016,3,2,31,0.0103,0.004,0.003126606,0.003,0.001,-0.006,0,PVT
342652.0,2026,4,22,23,10,0,32.8812164,-117.2333752,106.63,72.866,0.014,0.017,3,2,30,0.010700000000000001,0.005,0.003126606,0.001,0.005,-0.019,0,PVT
342653.0,2026,4,22,23,10,0,32.8812165,-117.2333752,106.608,72.845,0.014,0.016,3,2,31,0.0103,0.008,0.003126606,0.006,0.004,0.002,0,PVT
342654.0,2026,4,22,23,10,0,32.8812168,-117.2333754,106.474,72.71,0.215,0.384,3,0,26,0.0148,0.047,0.003126606,0.043,-0.019,0.179,0,PVT
342655.0,2026,4,22,23,10,0,32.8812168,-117.2333753,106.465,72.701,0.165,0.34,3,1,29,0.0109,0.008,0.003126606,0.008,-0.003,0.015,0,PVT
342656.0,2026,4,22,23,10,0,32.8812168,-117.2333753,106.487,72.723,0.093,0.17,3,1,29,0.0106,0.006,0.003126606,-0.006,0.002,-0.057,0,PVT
342657.0,2026,4,22,23,10,0,32.8812168,-117.2333754,106.483,72.719,0.075,0.123,3,1,30,0.0106,0.003,0.003126606,-0.002,0.002,-0.008,0,PVT
342658.0,2026,4,22,23,10,0,32.8812169,-117.2333754,106.469,72.705,0.066,0.109,3,1,29,0.0106,0.013,0.003126606,0.012,-0.005,0.075,0,PVT
342659.0,2026,4,22,23,10,0,32.8812168,-117.2333753,106.474,72.711,0.065,0.117,3,1,28,0.011399999999999999,0.005,0.003126606,-0.005,0.002,-0.016,0,PVT
342660.0,2026,4,22,23,10,0,32.8812168,-117.2333753,106.489,72.725,0.057,0.099,3,1,31,0.011200000000000002,0.002,0.003126606,0.002,0.0,-0.019,0,PVT
342661.0,2026,4,22,23,10,0,32.8812168,-117.2333753,106.493,72.729,0.053,0.097,3,1,29,0.0129,0.017,0.003126606,0.015,-0.007,0.032,0,PVT
342662.0,2026,4,22,23,10,0,32.8812168,-117.2333753,106.503,72.739,0.053,0.096,3,1,30,0.011200000000000002,0.012,0.003126606,0.011,-0.003,0.024,0,PVT
342663.0,2026,4,22,23,10,0,32.8812168,-117.2333753,106.518,72.755,0.052,0.09,3,1,29,0.011200000000000002,0.002,0.003126606,-0.002,0.001,-0.041,0,PVT
342664.0,2026,4,22,23,10,0,32.8812168,-117.2333752,106.543,72.779,0.052,0.089,3,1,29,0.0116,0.003,0.003126606,-0.003,0.001,-0.034,0,PVT
342665.0,2026,4,22,23,10,0,32.8812168,-117.2333752,106.562,72.799,0.052,0.089,3,1,30,0.011200000000000002,0.002,0.003126606,0.001,-0.001,-0.004,0,PVT
342666.0,2026,4,22,23,10,0,32.8812167,-117.2333752,106.579,72.815,0.051,0.084,3,1,30,0.011200000000000002,0.007,0.003126606,0.006,-0.001,0.015,0,PVT
342667.0,2026,4,22,23,10,0,32.8812167,-117.2333751,106.612,72.849,0.051,0.084,3,1,29,0.0115,0.013,0.003126606,0.013,0.003,0.002,0,PVT
342668.0,2026,4,22,23,10,0,32.8812165,-117.233375,106.664,72.9,0.051,0.082,3,1,29,0.011200000000000002,0.005,0.003126606,-0.001,0.005,-0.038,0,PVT
342669.0,2026,4,22,23,10,0,32.8812164,-117.2333749,106.714,72.95,0.051,0.082,3,1,29,0.01,0.008,0.003126606,-0.006,0.006,-0.032,0,PVT
342670.0,2026,4,22,23,10,0,32.8812164,-117.2333749,106.76,72.996,0.051,0.08,3,1,30,0.0101,0.009,0.003126606,-0.006,0.007,-0.015,0,PVT
342671.0,2026,4,22,23,10,0,32.8812162,-117.2333748,106.828,73.064,0.054,0.079,3,1,29,0.0102,0.012,0.003126606,-0.01,0.006,-0.057,0,PVT
342672.0,2026,4,22,23,10,0,32.8812161,-117.2333747,106.877,73.113,0.051,0.082,3,1,29,0.010700000000000001,0.011,0.003126606,-0.005,0.01,-0.047,0,PVT
342673.0,2026,4,22,23,10,0,32.8812161,-117.2333746,106.909,73.145,0.052,0.088,3,1,30,0.011000000000000001,0.014,0.003126606,0.014,0.003,0.01,0,PVT
342674.0,2026,4,22,23,10,0,32.8812161,-117.2333746,106.935,73.171,0.056,0.09,3,1,29,0.011399999999999999,0.015,0.003126606,0.015,-0.002,0.004,0,PVT
342675.0,2026,4,22,23,10,0,32.8812162,-117.2333747,106.954,73.191,0.056,0.09,3,1,29,0.011399999999999999,0.004,0.003126606,0.003,0.002,-0.023,0,PVT
342676.0,2026,4,22,23,10,0,32.8812162,-117.2333747,106.989,73.225,0.057,0.095,3,1,28,0.0127,0.005,0.003126606,0.005,0.001,0.006,0,PVT
342677.0,2026,4,22,23,10,0,32.8812161,-117.2333747,107.059,73.295,0.057,0.095,3,1,29,0.011899999999999999,0.013,0.003126606,-0.012,0.006,-0.044,0,PVT
342678.0,2026,4,22,23,11,0,32.8812161,-117.2333746,107.119,73.355,0.056,0.09,3,1,30,0.011899999999999999,0.014,0.003126606,0.013,-0.006,0.05,0,PVT
342679.0,2026,4,22,23,11,0,32.8812161,-117.2333746,107.181,73.417,0.055,0.089,3,1,30,0.011899999999999999,0.001,0.003126606,0.0,0.001,-0.008,0,PVT
342680.0,2026,4,22,23,11,0,32.881216,-117.2333745,107.261,73.498,0.056,0.093,3,1,26,0.013999999999999999,0.035,0.003126606,-0.03,0.019,-0.157,0,PVT
342681.0,2026,4,22,23,11,0,32.881216,-117.2333745,107.339,73.575,0.056,0.094,3,1,27,0.011899999999999999,0.013,0.003126606,-0.011,0.007,-0.083,0,PVT
342682.0,2026,4,22,23,11,0,32.8812161,-117.2333746,107.407,73.644,0.056,0.097,3,1,27,0.0124,0.001,0.003126606,0.001,0.0,-0.03,0,PVT
342683.0,2026,4,22,23,11,0,32.8812161,-117.2333745,107.48,73.716,0.056,0.096,3,1,29,0.0106,0.001,0.003126606,0.001,-0.001,0.002,0,PVT
342684.0,2026,4,22,23,11,0,32.8812161,-117.2333746,107.562,73.799,0.051,0.085,3,1,26,0.0116,0.007,0.003126606,0.0,0.007,-0.01,0,PVT
342685.0,2026,4,22,23,11,0,32.881216,-117.2333745,107.635,73.871,0.055,0.092,3,1,29,0.0105,0.003,0.003126606,-0.002,0.003,-0.024,0,PVT
342686.0,2026,4,22,23,11,0,32.8812161,-117.2333745,107.659,73.895,0.056,0.096,3,1,30,0.0103,0.002,0.003126606,0.0,-0.002,-0.044,0,PVT
342687.0,2026,4,22,23,11,0,32.8812161,-117.2333744,107.688,73.924,0.059,0.106,3,1,29,0.0104,0.012,0.003126606,-0.002,0.012,-0.046,0,PVT
342688.0,2026,4,22,23,11,0,32.881216,-117.2333745,107.709,73.945,0.053,0.101,3,1,27,0.0113,0.009,0.003126606,-0.007,-0.005,-0.045,0,PVT
342689.0,2026,4,22,23,11,0,32.881216,-117.2333744,107.727,73.963,0.05,0.089,3,1,28,0.0108,0.007,0.003126606,-0.004,-0.005,-0.019,0,PVT
342690.0,2026,4,22,23,11,0,32.8812161,-117.2333744,107.736,73.973,0.048,0.078,3,1,29,0.0108,0.003,0.003126606,-0.003,0.0,0.001,0,PVT
342691.0,2026,4,22,23,11,0,32.8812162,-117.2333745,107.778,74.015,0.053,0.088,3,1,27,0.0111,0.003,0.003126606,-0.001,-0.003,-0.011,0,PVT
342692.0,2026,4,22,23,11,0,32.8812163,-117.2333745,107.805,74.042,0.055,0.104,3,1,26,0.0111,0.02,0.003126606,0.016,0.012,-0.043,0,PVT
342693.0,2026,4,22,23,11,0,32.8812163,-117.2333745,107.793,74.029,0.049,0.087,3,1,29,0.0106,0.004,0.003126606,0.004,0.002,-0.007,0,PVT
342694.0,2026,4,22,23,11,0,32.8812168,-117.2333736,107.859,74.095,0.058,0.112,3,1,27,0.0105,0.159,0.0005140219,0.1,0.125,-0.033,0,PVT
342695.0,2026,4,22,23,11,0,32.8812179,-117.233373,107.947,74.183,0.062,0.132,3,1,28,0.012199999999999999,0.132,0.00019354759999999998,0.125,0.044,-0.018,0,PVT
342696.0,2026,4,22,23,11,0,32.8812188,-117.2333726,107.943,74.18,0.145,0.268,3,0,26,0.0144,0.099,0.0001939104,0.09,0.041,0.055,0,PVT
342697.0,2026,4,22,23,11,0,32.8812193,-117.2333722,107.94,74.177,0.104,0.218,3,1,26,0.013600000000000001,0.038,0.0001939104,0.028,0.026,0.067,0,PVT
342698.0,2026,4,22,23,11,0,32.8812203,-117.2333712,107.923,74.159,0.087,0.17,3,1,27,0.0146,0.199,0.0002964921,0.173,0.099,0.2,0,PVT
342699.0,2026,4,22,23,11,0,32.8812208,-117.2333712,107.776,74.012,0.087,0.176,3,1,21,0.018500000000000003,0.237,0.0030813188000000003,0.147,-0.187,0.708,0,PVT
342700.0,2026,4,22,23,11,0,32.8812195,-117.2333714,106.816,73.053,0.016,0.036,3,2,28,0.018500000000000003,0.071,0.0032232690000000004,0.027,-0.066,0.139,0,PVT
342701.0,2026,4,22,23,11,0,32.8812195,-117.2333714,106.805,73.042,0.014,0.031,3,2,22,0.0147,0.063,0.0032232690000000004,-0.038,0.051,-0.16,0,PVT
342702.0,2026,4,22,23,11,0,32.8812195,-117.2333714,106.817,73.053,0.014,0.013,3,2,29,0.013000000000000001,0.013,0.0032232690000000004,-0.01,0.009,-0.084,0,PVT
342703.0,2026,4,22,23,11,0,32.8812196,-117.2333714,106.803,73.04,0.014,0.011,3,2,29,0.011699999999999999,0.01,0.0032232690000000004,0.0,0.01,0.042,0,PVT
342704.0,2026,4,22,23,11,0,32.8812196,-117.2333714,106.807,73.044,0.014,0.01,3,2,29,0.011000000000000001,0.008,0.0032232690000000004,0.007,-0.004,-0.001,0,PVT
342705.0,2026,4,22,23,11,0,32.8812195,-117.2333714,106.806,73.042,0.014,0.01,3,2,28,0.0115,0.004,0.0032232690000000004,0.003,0.002,0.012,0,PVT
342706.0,2026,4,22,23,11,0,32.8812195,-117.2333714,106.807,73.044,0.014,0.01,3,2,29,0.0115,0.006,0.0032232690000000004,0.004,-0.004,0.005,0,PVT
342707.0,2026,4,22,23,11,0,32.8812196,-117.2333714,106.796,73.032,0.014,0.01,3,2,28,0.0115,0.007,0.0032232690000000004,0.007,0.003,0.025,0,PVT
342708.0,2026,4,22,23,11,0,32.8812195,-117.2333713,106.826,73.063,0.014,0.012,3,2,29,0.011000000000000001,0.006,0.0032232690000000004,0.006,-0.001,0.026,0,PVT
342709.0,2026,4,22,23,11,0,32.8812195,-117.2333713,106.82,73.056,0.014,0.014,3,2,29,0.0116,0.003,0.0032232690000000004,-0.002,-0.002,-0.009,0,PVT
342710.0,2026,4,22,23,11,0,32.8812195,-117.2333713,106.808,73.044,0.014,0.017,3,2,28,0.0115,0.011,0.0032232690000000004,0.008,-0.007,0.028,0,PVT
342711.0,2026,4,22,23,11,0,32.8812195,-117.2333713,106.826,73.062,0.014,0.016,3,2,29,0.011000000000000001,0.002,0.0032232690000000004,0.002,0.001,0.002,0,PVT
342712.0,2026,4,22,23,11,0,32.8812195,-117.2333713,106.821,73.058,0.014,0.016,3,2,28,0.0123,0.015,0.0032232690000000004,-0.011,0.01,-0.045,0,PVT
342713.0,2026,4,22,23,11,0,32.8812195,-117.2333713,106.826,73.062,0.014,0.016,3,2,30,0.011699999999999999,0.006,0.0032232690000000004,0.006,-0.001,-0.003,0,PVT
342714.0,2026,4,22,23,11,0,32.8812195,-117.2333713,106.822,73.059,0.014,0.019,3,2,28,0.0128,0.023,0.0032232690000000004,0.02,-0.011,0.041,0,PVT
342715.0,2026,4,22,23,11,0,32.8812195,-117.2333713,106.82,73.056,0.014,0.019,3,2,30,0.011399999999999999,0.006,0.0032232690000000004,0.005,-0.002,0.011,0,PVT
342716.0,2026,4,22,23,11,0,32.8812195,-117.2333713,106.821,73.057,0.014,0.018,3,2,29,0.0109,0.004,0.0032232690000000004,0.003,0.003,-0.008,0,PVT
342717.0,2026,4,22,23,11,0,32.8812195,-117.2333713,106.816,73.052,0.014,0.02,3,2,27,0.012,0.011,0.0032232690000000004,0.009,-0.005,0.014,0,PVT
342718.0,2026,4,22,23,11,0,32.8812195,-117.2333713,106.83,73.066,0.014,0.022,3,2,29,0.0128,0.009,0.0032232690000000004,0.008,-0.002,0.018,0,PVT
342719.0,2026,4,22,23,11,0,32.8812195,-117.2333713,106.818,73.055,0.014,0.022,3,2,29,0.0116,0.005,0.0032232690000000004,0.003,0.004,-0.007,0,PVT
342720.0,2026,4,22,23,11,0,32.8812195,-117.2333713,106.826,73.063,0.014,0.021,3,2,28,0.011899999999999999,0.012,0.0032232690000000004,0.01,-0.006,0.028,0,PVT
342721.0,2026,4,22,23,11,0,32.8812194,-117.2333712,106.857,73.093,0.014,0.02,3,2,29,0.0116,0.036,0.0032232690000000004,0.036,0.004,0.011,0,PVT
342722.0,2026,4,22,23,11,0,32.8812194,-117.2333712,106.853,73.089,0.014,0.018,3,2,29,0.0111,0.009,0.0032232690000000004,0.007,-0.005,0.005,0,PVT
342723.0,2026,4,22,23,11,0,32.8812194,-117.2333712,106.862,73.098,0.014,0.016,3,2,29,0.0108,0.006,0.0032232690000000004,0.006,-0.003,0.005,0,PVT
342724.0,2026,4,22,23,11,0,32.8812194,-117.2333712,106.861,73.098,0.014,0.015,3,2,28,0.0108,0.005,0.0032232690000000004,0.004,-0.003,-0.004,0,PVT
342725.0,2026,4,22,23,11,0,32.8812194,-117.2333712,106.86,73.096,0.014,0.014,3,2,29,0.011200000000000002,0.006,0.0032232690000000004,-0.002,0.006,-0.01,0,PVT
342728.0,2026,4,22,23,11,0,32.8812194,-117.2333712,106.867,73.103,0.014,0.013,3,2,28,0.0108,0.005,0.0032232690000000004,0.005,-0.001,0.002,0,PVT
342729.0,2026,4,22,23,11,0,32.8812194,-117.2333712,106.867,73.103,0.014,0.013,3,2,30,0.0103,0.007,0.0032232690000000004,0.007,0.002,-0.006,0,PVT
342730.0,2026,4,22,23,11,0,32.8812194,-117.2333712,106.857,73.094,0.014,0.013,3,2,29,0.0108,0.004,0.0032232690000000004,0.004,0.0,0.001,0,PVT
342731.0,2026,4,22,23,11,0,32.8812194,-117.2333712,106.846,73.082,0.014,0.014,3,2,28,0.0108,0.01,0.0032232690000000004,0.002,-0.01,0.013,0,PVT
342732.0,2026,4,22,23,11,0,32.8812194,-117.2333712,106.85,73.086,0.014,0.014,3,2,28,0.011000000000000001,0.003,0.0032232690000000004,-0.003,-0.001,0.012,0,PVT
342733.0,2026,4,22,23,11,0,32.8812194,-117.2333711,106.858,73.094,0.014,0.013,3,2,29,0.0108,0.004,0.0032232690000000004,-0.004,0.001,-0.008,0,PVT
342734.0,2026,4,22,23,11,0,32.8812194,-117.2333712,106.852,73.089,0.014,0.013,3,2,29,0.0108,0.006,0.0032232690000000004,-0.005,-0.002,-0.007,0,PVT
342735.0,2026,4,22,23,11,0,32.8812194,-117.2333712,106.845,73.082,0.014,0.013,3,2,28,0.0108,0.004,0.0032232690000000004,0.004,0.001,0.008,0,PVT
342736.0,2026,4,22,23,11,0,32.8812194,-117.2333712,106.847,73.083,0.014,0.014,3,2,29,0.0108,0.01,0.0032232690000000004,0.008,-0.005,0.009,0,PVT
342737.0,2026,4,22,23,11,0,32.8812194,-117.2333711,106.852,73.089,0.014,0.013,3,2,29,0.0108,0.002,0.0032232690000000004,0.0,0.002,-0.004,0,PVT
342738.0,2026,4,22,23,12,0,32.8812194,-117.2333711,106.851,73.088,0.014,0.015,3,2,28,0.011899999999999999,0.003,0.0032232690000000004,-0.001,0.003,-0.007,0,PVT
342739.0,2026,4,22,23,12,0,32.8812194,-117.2333711,106.851,73.088,0.014,0.014,3,2,29,0.011399999999999999,0.004,0.0032232690000000004,0.003,-0.001,0.002,0,PVT
342740.0,2026,4,22,23,12,0,32.8812194,-117.2333711,106.856,73.092,0.014,0.013,3,2,29,0.011399999999999999,0.012,0.0032232690000000004,0.011,-0.006,0.003,0,PVT
342741.0,2026,4,22,23,12,0,32.8812194,-117.2333712,106.845,73.081,0.014,0.013,3,2,29,0.011399999999999999,0.01,0.0032232690000000004,0.009,-0.003,-0.004,0,PVT
342743.0,2026,4,22,23,12,0,32.8812194,-117.2333712,106.851,73.087,0.014,0.014,3,2,28,0.011699999999999999,0.007,0.0032232690000000004,0.007,-0.001,0.006,0,PVT
342744.0,2026,4,22,23,12,0,32.8812194,-117.2333712,106.847,73.083,0.014,0.015,3,2,28,0.011899999999999999,0.004,0.0032232690000000004,0.003,0.002,-0.02,0,PVT
342745.0,2026,4,22,23,12,0,32.8812194,-117.2333711,106.838,73.074,0.014,0.014,3,2,27,0.011200000000000002,0.007,0.0032232690000000004,0.007,0.001,0.008,0,PVT
342746.0,2026,4,22,23,12,0,32.8812194,-117.2333712,106.829,73.065,0.014,0.013,3,2,29,0.011200000000000002,0.002,0.0032232690000000004,0.001,-0.001,0.006,0,PVT
342747.0,2026,4,22,23,12,0,32.8812194,-117.2333712,106.831,73.067,0.014,0.014,3,2,28,0.011200000000000002,0.003,0.0032232690000000004,-0.001,0.003,0.006,0,PVT
342748.0,2026,4,22,23,12,0,32.8812194,-117.2333712,106.838,73.074,0.014,0.014,3,2,29,0.011200000000000002,0.004,0.0032232690000000004,-0.004,0.002,-0.005,0,PVT
342749.0,2026,4,22,23,12,0,32.8812194,-117.2333712,106.858,73.094,0.014,0.015,3,2,27,0.011899999999999999,0.005,0.0032232690000000004,0.003,0.003,-0.008,0,PVT
342750.0,2026,4,22,23,12,0,32.8812194,-117.2333712,106.85,73.087,0.014,0.015,3,2,28,0.011200000000000002,0.006,0.0032232690000000004,0.006,0.0,-0.022,0,PVT
342751.0,2026,4,22,23,12,0,32.8812194,-117.2333712,106.831,73.067,0.014,0.013,3,2,28,0.011200000000000002,0.009,0.0032232690000000004,0.005,-0.008,0.014,0,PVT
342752.0,2026,4,22,23,12,0,32.8812194,-117.2333712,106.823,73.059,0.014,0.013,3,2,29,0.011200000000000002,0.008,0.0032232690000000004,0.005,-0.006,0.02,0,PVT
342753.0,2026,4,22,23,12,0,32.8812194,-117.2333712,106.824,73.06,0.014,0.013,3,2,28,0.011200000000000002,0.006,0.0032232690000000004,-0.005,0.002,0.003,0,PVT
342754.0,2026,4,22,23,12,0,32.8812194,-117.2333712,106.831,73.067,0.014,0.015,3,2,28,0.0109,0.007,0.0032232690000000004,-0.006,-0.003,-0.003,0,PVT
342755.0,2026,4,22,23,12,0,32.8812194,-117.2333712,106.841,73.077,0.014,0.016,3,2,27,0.011399999999999999,0.013,0.0032232690000000004,-0.013,-0.002,-0.009,0,PVT
342756.0,2026,4,22,23,12,0,32.8812195,-117.2333712,106.829,73.065,0.014,0.014,3,2,29,0.0109,0.01,0.0032232690000000004,-0.01,0.0,-0.011,0,PVT
342757.0,2026,4,22,23,12,0,32.8812195,-117.2333713,106.819,73.055,0.014,0.014,3,2,29,0.0103,0.001,0.0032232690000000004,0.001,-0.001,0.017,0,PVT
342758.0,2026,4,22,23,12,0,32.8812195,-117.2333713,106.82,73.056,0.014,0.014,3,2,29,0.0106,0.009,0.0032232690000000004,0.008,-0.004,0.011,0,PVT
342759.0,2026,4,22,23,12,0,32.8812194,-117.2333712,106.823,73.059,0.014,0.016,3,2,28,0.0108,0.005,0.0032232690000000004,-0.002,0.005,-0.006,0,PVT
342760.0,2026,4,22,23,12,0,32.8812194,-117.2333712,106.846,73.082,0.014,0.015,3,2,28,0.0108,0.007,0.0032232690000000004,-0.007,0.0,-0.005,0,PVT
342761.0,2026,4,22,23,12,0,32.8812194,-117.2333712,106.843,73.079,0.014,0.015,3,2,28,0.0105,0.005,0.0032232690000000004,0.004,0.001,-0.027,0,PVT
342762.0,2026,4,22,23,12,0,32.8812194,-117.2333712,106.842,73.078,0.014,0.014,3,2,29,0.0103,0.006,0.0032232690000000004,0.006,0.0,0.01,0,PVT
342763.0,2026,4,22,23,12,0,32.8812194,-117.2333712,106.846,73.082,0.014,0.015,3,2,28,0.0105,0.001,0.0032232690000000004,0.0,0.001,-0.001,0,PVT
342764.0,2026,4,22,23,12,0,32.8812194,-117.2333712,106.844,73.081,0.014,0.015,3,2,29,0.0103,0.007,0.0032232690000000004,0.004,-0.005,-0.003,0,PVT
342765.0,2026,4,22,23,12,0,32.8812194,-117.2333712,106.845,73.081,0.014,0.014,3,2,28,0.0105,0.008,0.0032232690000000004,0.008,-0.002,0.003,0,PVT
342766.0,2026,4,22,23,12,0,32.8812195,-117.2333712,106.844,73.081,0.014,0.015,3,2,29,0.0103,0.009,0.0032232690000000004,0.009,-0.001,0.0,0,PVT
342767.0,2026,4,22,23,12,0,32.8812194,-117.2333712,106.844,73.081,0.014,0.014,3,2,28,0.0105,0.01,0.0032232690000000004,0.01,0.001,0.001,0,PVT
342768.0,2026,4,22,23,12,0,32.8812195,-117.2333712,106.842,73.078,0.014,0.014,3,2,28,0.0105,0.008,0.0032232690000000004,0.006,0.005,-0.001,0,PVT
342769.0,2026,4,22,23,12,0,32.8812194,-117.2333712,106.842,73.078,0.014,0.014,3,2,29,0.0103,0.007,0.0032232690000000004,0.006,0.003,0.004,0,PVT
342770.0,2026,4,22,23,12,0,32.8812194,-117.2333712,106.847,73.083,0.014,0.014,3,2,28,0.0103,0.007,0.0032232690000000004,0.005,-0.005,0.0,0,PVT
342771.0,2026,4,22,23,12,0,32.8812194,-117.2333712,106.852,73.088,0.014,0.014,3,2,29,0.0101,0.009,0.0032232690000000004,0.005,-0.008,-0.004,0,PVT
342772.0,2026,4,22,23,12,0,32.8812194,-117.2333712,106.845,73.081,0.014,0.014,3,2,29,0.0101,0.005,0.0032232690000000004,-0.004,0.004,-0.004,0,PVT
342773.0,2026,4,22,23,12,0,32.8812194,-117.2333712,106.847,73.083,0.014,0.015,3,2,27,0.0121,0.006,0.0032232690000000004,-0.006,0.001,0.005,0,PVT
342774.0,2026,4,22,23,12,0,32.8812194,-117.2333712,106.854,73.09,0.014,0.016,3,2,28,0.011200000000000002,0.002,0.0032232690000000004,0.0,-0.002,-0.006,0,PVT
342775.0,2026,4,22,23,12,0,32.8812194,-117.2333712,106.854,73.09,0.014,0.016,3,2,28,0.011399999999999999,0.006,0.0032232690000000004,0.003,-0.005,-0.006,0,PVT
342776.0,2026,4,22,23,12,0,32.8812195,-117.2333713,106.842,73.079,0.014,0.015,3,2,29,0.011200000000000002,0.003,0.0032232690000000004,0.003,0.0,0.002,0,PVT
342777.0,2026,4,22,23,12,0,32.8812194,-117.2333712,106.852,73.088,0.014,0.015,3,2,29,0.011200000000000002,0.001,0.0032232690000000004,0.001,0.0,0.013,0,PVT
342778.0,2026,4,22,23,12,0,32.8812194,-117.2333712,106.848,73.084,0.014,0.015,3,2,28,0.011200000000000002,0.006,0.0032232690000000004,-0.002,0.005,-0.015,0,PVT
342779.0,2026,4,22,23,12,0,32.8812194,-117.2333712,106.844,73.08,0.014,0.016,3,2,28,0.011399999999999999,0.004,0.0032232690000000004,-0.004,0.0,0.009,0,PVT
342780.0,2026,4,22,23,12,0,32.8812194,-117.2333712,106.857,73.093,0.014,0.017,3,2,28,0.011399999999999999,0.005,0.0032232690000000004,-0.003,-0.004,0.003,0,PVT
342781.0,2026,4,22,23,12,0,32.8812194,-117.2333712,106.851,73.087,0.014,0.017,3,2,28,0.011000000000000001,0.008,0.0032232690000000004,0.003,-0.007,-0.013,0,PVT
342782.0,2026,4,22,23,12,0,32.8812194,-117.2333712,106.854,73.091,0.014,0.016,3,2,28,0.011000000000000001,0.006,0.0032232690000000004,0.004,0.005,0.01,0,PVT
342783.0,2026,4,22,23,12,0,32.8812194,-117.2333712,106.85,73.087,0.014,0.016,3,2,29,0.011000000000000001,0.004,0.0032232690000000004,0.002,-0.004,-0.006,0,PVT
342784.0,2026,4,22,23,12,0,32.8812194,-117.2333712,106.852,73.088,0.014,0.015,3,2,29,0.011000000000000001,0.008,0.0032232690000000004,0.003,-0.007,0.007,0,PVT
342785.0,2026,4,22,23,12,0,32.8812194,-117.2333712,106.856,73.092,0.014,0.017,3,2,26,0.0123,0.006,0.0032232690000000004,0.006,-0.002,-0.002,0,PVT
342786.0,2026,4,22,23,12,0,32.8812194,-117.2333712,106.867,73.103,0.014,0.016,3,2,29,0.011200000000000002,0.006,0.0032232690000000004,0.005,-0.003,-0.003,0,PVT
342787.0,2026,4,22,23,12,0,32.8812194,-117.2333712,106.859,73.095,0.014,0.016,3,2,29,0.011200000000000002,0.005,0.0032232690000000004,0.004,0.004,-0.012,0,PVT
342788.0,2026,4,22,23,12,0,32.8812194,-117.2333712,106.845,73.081,0.014,0.017,3,2,29,0.0118,0.005,0.0032232690000000004,0.005,-0.001,0.011,0,PVT
342789.0,2026,4,22,23,12,0,32.8812194,-117.2333712,106.839,73.075,0.014,0.018,3,2,28,0.011000000000000001,0.009,0.0032232690000000004,0.008,0.005,0.016,0,PVT
342790.0,2026,4,22,23,12,0,32.8812195,-117.2333712,106.845,73.082,0.014,0.017,3,2,29,0.011399999999999999,0.002,0.0032232690000000004,0.0,0.002,0.005,0,PVT
342791.0,2026,4,22,23,12,0,32.8812195,-117.2333712,106.835,73.071,0.014,0.016,3,2,30,0.011000000000000001,0.002,0.0032232690000000004,-0.002,0.001,-0.008,0,PVT
342792.0,2026,4,22,23,12,0,32.8812195,-117.2333712,106.831,73.068,0.014,0.016,3,2,30,0.010700000000000001,0.005,0.0032232690000000004,0.004,-0.003,0.015,0,PVT
342793.0,2026,4,22,23,12,0,32.8812194,-117.2333712,106.841,73.077,0.014,0.016,3,2,30,0.010700000000000001,0.004,0.0032232690000000004,0.004,0.0,0.002,0,PVT
342794.0,2026,4,22,23,12,0,32.8812195,-117.2333712,106.84,73.076,0.014,0.015,3,2,30,0.010700000000000001,0.004,0.0032232690000000004,-0.003,0.003,-0.013,0,PVT
342795.0,2026,4,22,23,12,0,32.8812195,-117.2333712,106.837,73.073,0.014,0.016,3,2,29,0.0121,0.004,0.0032232690000000004,-0.001,0.004,0.002,0,PVT
342796.0,2026,4,22,23,12,0,32.8812195,-117.2333712,106.83,73.066,0.014,0.017,3,2,29,0.0125,0.003,0.0032232690000000004,0.002,-0.002,0.001,0,PVT
342797.0,2026,4,22,23,12,0,32.8812195,-117.2333712,106.829,73.065,0.014,0.016,3,2,30,0.0118,0.004,0.0032232690000000004,0.0,0.004,0.007,0,PVT
342798.0,2026,4,22,23,13,0,32.8812195,-117.2333712,106.828,73.065,0.014,0.015,3,2,30,0.0108,0.001,0.0032232690000000004,-0.001,0.0,0.0,0,PVT
342799.0,2026,4,22,23,13,0,32.8812195,-117.2333712,106.827,73.063,0.014,0.016,3,2,28,0.0113,0.005,0.0032232690000000004,-0.002,0.004,-0.002,0,PVT
342801.0,2026,4,22,23,13,0,32.8812195,-117.2333712,106.832,73.068,0.014,0.016,3,2,31,0.011000000000000001,0.004,0.0032232690000000004,0.004,-0.001,-0.009,0,PVT
342802.0,2026,4,22,23,13,0,32.8812195,-117.2333712,106.826,73.062,0.014,0.017,3,2,30,0.0116,0.003,0.0032232690000000004,0.002,0.002,0.005,0,PVT
342803.0,2026,4,22,23,13,0,32.8812195,-117.2333712,106.823,73.059,0.014,0.016,3,2,31,0.0116,0.005,0.0032232690000000004,0.005,0.0,0.005,0,PVT
342804.0,2026,4,22,23,13,0,32.8812195,-117.2333712,106.826,73.062,0.014,0.017,3,2,31,0.0116,0.005,0.0032232690000000004,0.004,-0.002,0.002,0,PVT
342806.0,2026,4,22,23,13,0,32.8812195,-117.2333712,106.828,73.065,0.014,0.017,3,2,31,0.011000000000000001,0.003,0.0032232690000000004,0.002,0.003,0.01,0,PVT
342807.0,2026,4,22,23,13,0,32.8812194,-117.2333712,106.835,73.071,0.014,0.015,3,2,31,0.011200000000000002,0.001,0.0032232690000000004,0.0,-0.001,-0.012,0,PVT
342808.0,2026,4,22,23,13,0,32.8812194,-117.2333712,106.845,73.081,0.014,0.017,3,2,30,0.0118,0.007,0.0032232690000000004,0.005,0.004,-0.004,0,PVT
342809.0,2026,4,22,23,13,0,32.8812194,-117.2333712,106.847,73.083,0.014,0.015,3,2,29,0.0116,0.008,0.0032232690000000004,0.0,0.008,-0.013,0,PVT
342810.0,2026,4,22,23,13,0,32.8812194,-117.2333712,106.837,73.073,0.014,0.016,3,2,29,0.0121,0.004,0.0032232690000000004,0.004,0.002,-0.002,0,PVT
342811.0,2026,4,22,23,13,0,32.8812194,-117.2333712,106.832,73.069,0.014,0.016,3,2,30,0.0118,0.001,0.0032232690000000004,-0.001,0.001,0.011,0,PVT
342812.0,2026,4,22,23,13,0,32.8812194,-117.2333712,106.841,73.078,0.014,0.016,3,2,29,0.0116,0.007,0.0032232690000000004,0.007,-0.002,0.005,0,PVT
342813.0,2026,4,22,23,13,0,32.8812194,-117.2333712,106.835,73.071,0.014,0.018,3,2,30,0.011200000000000002,0.007,0.0032232690000000004,-0.004,0.006,-0.009,0,PVT
342814.0,2026,4,22,23,13,0,32.8812194,-117.2333712,106.837,73.073,0.014,0.017,3,2,31,0.011000000000000001,0.002,0.0032232690000000004,-0.002,0.0,0.008,0,PVT
342815.0,2026,4,22,23,13,0,32.8812194,-117.2333712,106.842,73.078,0.014,0.015,3,2,31,0.011000000000000001,0.002,0.0032232690000000004,0.0,0.002,-0.005,0,PVT
342816.0,2026,4,22,23,13,0,32.8812194,-117.2333712,106.835,73.071,0.014,0.014,3,2,29,0.0121,0.003,0.0032232690000000004,0.003,0.002,-0.005,0,PVT
342817.0,2026,4,22,23,13,0,32.8812194,-117.2333712,106.825,73.061,0.014,0.015,3,2,30,0.0104,0.008,0.0032232690000000004,-0.007,0.005,0.008,0,PVT
342818.0,2026,4,22,23,13,0,32.8812194,-117.2333712,106.83,73.067,0.014,0.014,3,2,30,0.0102,0.004,0.0032232690000000004,-0.003,0.003,0.009,0,PVT
342819.0,2026,4,22,23,13,0,32.8812194,-117.2333712,106.846,73.082,0.014,0.015,3,2,28,0.011000000000000001,0.001,0.0032232690000000004,0.001,0.001,-0.009,0,PVT
342820.0,2026,4,22,23,13,0,32.8812194,-117.2333712,106.846,73.083,0.014,0.014,3,2,30,0.0102,0.005,0.0032232690000000004,0.003,-0.004,-0.016,0,PVT
342821.0,2026,4,22,23,13,0,32.8812194,-117.2333712,106.848,73.084,0.014,0.013,3,2,30,0.0105,0.007,0.0032232690000000004,0.007,0.0,0.004,0,PVT
342822.0,2026,4,22,23,13,0,32.8812194,-117.2333712,106.843,73.079,0.014,0.013,3,2,30,0.0104,0.003,0.0032232690000000004,0.003,0.0,-0.004,0,PVT
342823.0,2026,4,22,23,13,0,32.8812194,-117.2333711,106.839,73.075,0.014,0.014,3,2,29,0.0106,0.01,0.0032232690000000004,0.003,0.009,0.006,0,PVT
342824.0,2026,4,22,23,13,0,32.8812194,-117.2333711,106.844,73.08,0.014,0.014,3,2,30,0.0102,0.007,0.0032232690000000004,0.007,0.001,0.002,0,PVT
342825.0,2026,4,22,23,13,0,32.8812194,-117.2333711,106.841,73.078,0.014,0.015,3,2,28,0.010700000000000001,0.002,0.0032232690000000004,0.001,0.001,-0.006,0,PVT
342826.0,2026,4,22,23,13,0,32.8812194,-117.2333711,106.85,73.086,0.014,0.015,3,2,30,0.0102,0.009,0.0032232690000000004,-0.007,-0.005,0.003,0,PVT
342827.0,2026,4,22,23,13,0,32.8812194,-117.2333711,106.845,73.081,0.014,0.015,3,2,29,0.0109,0.009,0.0032232690000000004,-0.009,0.0,-0.013,0,PVT
342828.0,2026,4,22,23,13,0,32.8812194,-117.2333712,106.845,73.081,0.014,0.015,3,2,30,0.0109,0.003,0.0032232690000000004,-0.001,-0.003,0.011,0,PVT
342829.0,2026,4,22,23,13,0,32.8812194,-117.2333712,106.847,73.083,0.014,0.016,3,2,27,0.0116,0.005,0.0032232690000000004,0.004,-0.002,0.0,0,PVT
342830.0,2026,4,22,23,13,0,32.8812194,-117.2333711,106.862,73.099,0.014,0.017,3,2,28,0.0115,0.002,0.0032232690000000004,0.001,0.001,-0.003,0,PVT
342831.0,2026,4,22,23,13,0,32.8812194,-117.2333711,106.865,73.102,0.014,0.018,3,2,28,0.0113,0.011,0.0032232690000000004,-0.003,0.011,-0.022,0,PVT
342832.0,2026,4,22,23,13,0,32.8812194,-117.2333711,106.862,73.098,0.014,0.018,3,2,28,0.0113,0.007,0.0032232690000000004,0.007,0.002,0.0,0,PVT
342833.0,2026,4,22,23,13,0,32.8812194,-117.2333711,106.862,73.099,0.014,0.017,3,2,28,0.0109,0.004,0.0032232690000000004,0.004,0.0,0.004,0,PVT
342834.0,2026,4,22,23,13,0,32.8812194,-117.2333711,106.86,73.096,0.014,0.018,3,2,28,0.011200000000000002,0.006,0.0032232690000000004,0.004,-0.005,0.0,0,PVT
342835.0,2026,4,22,23,13,0,32.8812194,-117.2333711,106.862,73.098,0.014,0.018,3,2,28,0.0115,0.004,0.0032232690000000004,0.001,0.004,0.003,0,PVT
342836.0,2026,4,22,23,13,0,32.8812194,-117.2333712,106.853,73.089,0.014,0.017,3,2,29,0.011200000000000002,0.003,0.0032232690000000004,-0.002,-0.002,-0.003,0,PVT
342837.0,2026,4,22,23,13,0,32.8812194,-117.2333712,106.846,73.083,0.014,0.016,3,2,30,0.0109,0.005,0.0032232690000000004,0.002,-0.005,0.011,0,PVT
342838.0,2026,4,22,23,13,0,32.8812194,-117.2333712,106.843,73.079,0.014,0.016,3,2,30,0.0113,0.001,0.0032232690000000004,-0.001,0.0,0.005,0,PVT
342839.0,2026,4,22,23,13,0,32.8812194,-117.2333712,106.846,73.083,0.014,0.02,3,2,28,0.0116,0.011,0.0032232690000000004,0.011,-0.002,0.006,0,PVT
342840.0,2026,4,22,23,13,0,32.8812194,-117.2333712,106.85,73.087,0.014,0.019,3,2,30,0.0111,0.008,0.0032232690000000004,0.004,0.007,-0.005,0,PVT
342841.0,2026,4,22,23,13,0,32.8812194,-117.2333712,106.841,73.077,0.014,0.016,3,2,31,0.0105,0.006,0.0032232690000000004,-0.002,0.006,-0.005,0,PVT
342842.0,2026,4,22,23,13,0,32.8812194,-117.2333712,106.856,73.092,0.014,0.015,3,2,30,0.0105,0.005,0.0032232690000000004,0.003,-0.004,0.01,0,PVT
342843.0,2026,4,22,23,13,0,32.8812194,-117.2333712,106.851,73.087,0.014,0.015,3,2,31,0.01,0.009,0.0032232690000000004,-0.005,0.007,-0.02,0,PVT
342844.0,2026,4,22,23,13,0,32.8812194,-117.2333712,106.853,73.089,0.014,0.016,3,2,30,0.009899999999999999,0.004,0.0032232690000000004,-0.002,-0.003,0.011,0,PVT
342845.0,2026,4,22,23,13,0,32.8812194,-117.2333712,106.868,73.105,0.014,0.016,3,2,30,0.0105,0.004,0.0032232690000000004,-0.002,-0.003,-0.004,0,PVT
342846.0,2026,4,22,23,13,0,32.8812194,-117.2333712,106.866,73.102,0.014,0.015,3,2,31,0.0098,0.005,0.0032232690000000004,-0.004,0.002,-0.017,0,PVT
342847.0,2026,4,22,23,13,0,32.8812193,-117.2333712,106.868,73.104,0.014,0.014,3,2,31,0.0098,0.006,0.0032232690000000004,-0.006,-0.002,0.006,0,PVT
342848.0,2026,4,22,23,13,0,32.8812194,-117.2333712,106.866,73.102,0.014,0.014,3,2,31,0.0096,0.003,0.0032232690000000004,-0.002,-0.002,-0.004,0,PVT
342849.0,2026,4,22,23,13,0,32.8812193,-117.2333712,106.866,73.102,0.014,0.014,3,2,29,0.0097,0.006,0.0032232690000000004,0.002,-0.005,0.002,0,PVT
342850.0,2026,4,22,23,13,0,32.8812193,-117.2333711,106.877,73.113,0.014,0.015,3,2,29,0.01,0.003,0.0032232690000000004,0.002,0.003,-0.001,0,PVT
342851.0,2026,4,22,23,13,0,32.8812193,-117.2333711,106.873,73.109,0.014,0.015,3,2,29,0.0102,0.006,0.0032232690000000004,-0.002,0.006,-0.013,0,PVT
342852.0,2026,4,22,23,13,0,32.8812194,-117.2333711,106.868,73.104,0.014,0.014,3,2,29,0.0102,0.005,0.0032232690000000004,0.005,0.002,0.008,0,PVT
342853.0,2026,4,22,23,13,0,32.8812194,-117.2333711,106.863,73.099,0.014,0.015,3,2,30,0.0098,0.006,0.0032232690000000004,0.006,0.001,0.004,0,PVT
342854.0,2026,4,22,23,13,0,32.8812194,-117.2333711,106.858,73.094,0.014,0.016,3,2,29,0.01,0.003,0.0032232690000000004,0.002,-0.002,0.006,0,PVT
342855.0,2026,4,22,23,13,0,32.8812194,-117.2333712,106.847,73.083,0.014,0.019,3,2,30,0.0104,0.013,0.0032232690000000004,0.013,-0.001,0.009,0,PVT
342856.0,2026,4,22,23,13,0,32.8812195,-117.2333713,106.816,73.053,0.015,0.027,3,2,29,0.0109,0.004,0.0032232690000000004,0.004,0.0,0.01,0,PVT
342857.0,2026,4,22,23,13,0,32.8812195,-117.2333714,106.802,73.038,0.014,0.021,3,2,30,0.0105,0.021,0.0032232690000000004,0.017,-0.013,0.033,0,PVT
342858.0,2026,4,22,23,14,0,32.8812195,-117.2333714,106.809,73.046,0.014,0.014,3,2,30,0.0103,0.003,0.0032232690000000004,0.002,0.003,0.012,0,PVT
342859.0,2026,4,22,23,14,0,32.8812195,-117.2333714,106.806,73.043,0.014,0.012,3,2,29,0.01,0.002,0.0032232690000000004,-0.002,0.0,-0.01,0,PVT
342860.0,2026,4,22,23,14,0,32.8812195,-117.2333714,106.803,73.039,0.014,0.011,3,2,30,0.0098,0.002,0.0032232690000000004,0.0,-0.001,0.006,0,PVT
342861.0,2026,4,22,23,14,0,32.8812195,-117.2333714,106.8,73.037,0.014,0.01,3,2,30,0.0102,0.003,0.0032232690000000004,-0.003,0.0,0.002,0,PVT
342862.0,2026,4,22,23,14,0,32.8812196,-117.2333714,106.794,73.03,0.014,0.011,3,2,30,0.0102,0.006,0.0032232690000000004,0.006,-0.002,0.004,0,PVT
342863.0,2026,4,22,23,14,0,32.8812196,-117.2333714,106.795,73.032,0.014,0.012,3,2,32,0.0098,0.014,0.0032232690000000004,0.013,-0.005,0.011,0,PVT
342864.0,2026,4,22,23,14,0,32.8812182,-117.2333704,106.793,73.029,0.169,0.049,3,0,29,0.0101,0.261,0.0015033536,-0.227,0.129,0.004,0,PVT
342865.0,2026,4,22,23,14,0,32.8812176,-117.2333703,106.794,73.03,0.246,0.101,3,0,28,0.0105,0.024,0.0018622953999999998,-0.008,-0.023,-0.002,0,PVT
342866.0,2026,4,22,23,14,0,32.8812175,-117.2333703,106.816,73.052,0.266,0.151,3,0,27,0.011200000000000002,0.006,0.0018622953999999998,0.0,0.006,-0.014,0,PVT
342867.0,2026,4,22,23,14,0,32.8812175,-117.2333703,106.826,73.063,0.129,0.135,3,1,29,0.0105,0.004,0.0018622953999999998,0.002,0.003,-0.012,0,PVT
342868.0,2026,4,22,23,14,0,32.8812175,-117.2333703,106.816,73.052,0.086,0.09,3,1,27,0.0125,0.022,0.0018622953999999998,-0.004,0.022,-0.007,0,PVT
342869.0,2026,4,22,23,14,0,32.8812175,-117.2333703,106.82,73.056,0.141,0.125,3,0,26,0.0111,0.012,0.0018622953999999998,0.004,-0.011,-0.002,0,PVT
342870.0,2026,4,22,23,14,0,32.8812174,-117.23337,106.851,73.087,0.201,0.175,3,0,25,0.0126,0.033,0.0018622953999999998,-0.008,0.032,-0.016,0,PVT
342871.0,2026,4,22,23,14,0,32.8812173,-117.2333699,106.862,73.098,0.158,0.204,3,1,25,0.0118,0.006,0.0018622953999999998,-0.004,-0.004,-0.016,0,PVT
342872.0,2026,4,22,23,14,0,32.8812172,-117.2333698,106.862,73.099,0.108,0.121,3,1,27,0.0109,0.001,0.0018622953999999998,-0.001,0.0,-0.015,0,PVT
342873.0,2026,4,22,23,14,0,32.8812172,-117.2333697,106.863,73.099,0.097,0.094,3,1,28,0.0109,0.006,0.0018622953999999998,0.005,0.002,-0.011,0,PVT
342874.0,2026,4,22,23,14,0,32.8812171,-117.2333696,106.865,73.101,0.097,0.095,3,1,26,0.011399999999999999,0.001,0.0018622953999999998,0.001,0.001,-0.008,0,PVT
342875.0,2026,4,22,23,14,0,32.8812171,-117.2333696,106.864,73.1,0.096,0.096,3,1,28,0.0109,0.004,0.0018622953999999998,0.003,-0.001,-0.005,0,PVT
342876.0,2026,4,22,23,14,0,32.881217,-117.2333694,106.866,73.102,0.093,0.088,3,1,28,0.0105,0.004,0.0018622953999999998,0.004,0.0,-0.002,0,PVT
342877.0,2026,4,22,23,14,0,32.8812169,-117.2333692,106.875,73.111,0.092,0.086,3,1,28,0.0105,0.007,0.0018622953999999998,0.006,0.003,-0.001,0,PVT
342878.0,2026,4,22,23,14,0,32.8812169,-117.2333692,106.88,73.116,0.093,0.085,3,1,28,0.0108,0.01,0.0018622953999999998,0.005,-0.009,-0.004,0,PVT
342879.0,2026,4,22,23,14,0,32.8812168,-117.233369,106.889,73.125,0.094,0.088,3,1,26,0.0116,0.003,0.0018622953999999998,-0.001,0.003,-0.006,0,PVT
342880.0,2026,4,22,23,14,0,32.8812166,-117.2333689,106.888,73.124,0.095,0.09,3,1,28,0.0108,0.002,0.0018622953999999998,0.0,0.002,-0.007,0,PVT
342881.0,2026,4,22,23,14,0,32.8812164,-117.2333686,106.894,73.13,0.092,0.086,3,1,28,0.0108,0.004,0.0018622953999999998,-0.002,0.003,-0.004,0,PVT
342882.0,2026,4,22,23,14,0,32.8812161,-117.2333683,106.894,73.131,0.091,0.085,3,1,28,0.0115,0.008,0.0018622953999999998,0.0,0.008,-0.002,0,PVT
342883.0,2026,4,22,23,14,0,32.8812158,-117.233368,106.896,73.132,0.091,0.084,3,1,29,0.011399999999999999,0.002,0.0018622953999999998,0.0,0.002,-0.001,0,PVT
342884.0,2026,4,22,23,14,0,32.8812156,-117.2333678,106.9,73.137,0.092,0.087,3,1,23,0.011899999999999999,0.005,0.0018622953999999998,0.005,-0.001,-0.001,0,PVT
342885.0,2026,4,22,23,14,0,32.8812154,-117.2333674,106.913,73.15,0.091,0.088,3,1,27,0.0111,0.006,0.0018622953999999998,0.005,-0.003,-0.002,0,PVT
342886.0,2026,4,22,23,14,0,32.8812151,-117.2333671,106.916,73.153,0.089,0.085,3,1,27,0.0111,0.0,0.0018622953999999998,0.0,0.0,-0.005,0,PVT
342887.0,2026,4,22,23,14,0,32.8812148,-117.2333668,106.924,73.16,0.088,0.083,3,1,28,0.0111,0.001,0.0018622953999999998,0.001,0.001,-0.004,0,PVT
342888.0,2026,4,22,23,14,0,32.8812144,-117.2333664,106.928,73.164,0.088,0.083,3,1,28,0.0111,0.002,0.0018622953999999998,0.001,-0.002,-0.004,0,PVT
342889.0,2026,4,22,23,14,0,32.881214,-117.233366,106.927,73.164,0.088,0.085,3,1,26,0.011899999999999999,0.006,0.0018622953999999998,-0.006,0.001,-0.003,0,PVT
342890.0,2026,4,22,23,14,0,32.8812137,-117.2333657,106.927,73.163,0.087,0.086,3,1,28,0.011699999999999999,0.005,0.0018622953999999998,0.002,-0.004,0.0,0,PVT
342891.0,2026,4,22,23,14,0,32.8812132,-117.2333653,106.931,73.168,0.084,0.083,3,1,29,0.0111,0.002,0.0018622953999999998,0.0,0.002,0.0,0,PVT
342892.0,2026,4,22,23,14,0,32.8812129,-117.233365,106.934,73.17,0.083,0.081,3,1,28,0.0111,0.001,0.0018622953999999998,0.0,0.001,-0.001,0,PVT
342893.0,2026,4,22,23,14,0,32.8812128,-117.2333649,106.926,73.163,0.082,0.08,3,1,27,0.0111,0.003,0.0018622953999999998,-0.003,0.001,-0.001,0,PVT
342894.0,2026,4,22,23,14,0,32.8812126,-117.2333646,106.918,73.154,0.082,0.082,3,1,26,0.011399999999999999,0.002,0.0018622953999999998,-0.002,-0.001,0.001,0,PVT
342895.0,2026,4,22,23,14,0,32.8812123,-117.2333644,106.914,73.151,0.082,0.083,3,1,28,0.0111,0.005,0.0018622953999999998,0.002,-0.005,0.005,0,PVT
342896.0,2026,4,22,23,14,0,32.881212,-117.2333641,106.915,73.151,0.08,0.08,3,1,27,0.0111,0.001,0.0018622953999999998,0.0,-0.001,0.005,0,PVT
342897.0,2026,4,22,23,14,0,32.8812118,-117.2333638,106.923,73.16,0.08,0.079,3,1,27,0.0116,0.003,0.0018622953999999998,0.003,0.001,0.003,0,PVT
342898.0,2026,4,22,23,14,0,32.8812116,-117.2333636,106.928,73.164,0.078,0.079,3,1,28,0.0111,0.007,0.0018622953999999998,0.007,0.002,0.0,0,PVT
342900.0,2026,4,22,23,14,0,32.8812108,-117.2333629,106.938,73.174,0.077,0.08,3,1,28,0.0111,0.008,0.0018622953999999998,0.006,-0.005,0.0,0,PVT
342901.0,2026,4,22,23,14,0,32.8812103,-117.2333623,106.95,73.186,0.075,0.077,3,1,28,0.0111,0.004,0.0018622953999999998,0.004,0.0,-0.002,0,PVT
342902.0,2026,4,22,23,14,0,32.88121,-117.2333621,106.957,73.193,0.074,0.076,3,1,29,0.0111,0.002,0.0018622953999999998,0.002,0.0,-0.005,0,PVT
342903.0,2026,4,22,23,14,0,32.8812099,-117.233362,106.958,73.195,0.073,0.076,3,1,28,0.0116,0.002,0.0018622953999999998,0.002,0.0,-0.005,0,PVT
342904.0,2026,4,22,23,14,0,32.8812098,-117.2333619,106.948,73.184,0.074,0.083,3,1,28,0.012,0.004,0.0018622953999999998,-0.003,-0.002,-0.004,0,PVT
342905.0,2026,4,22,23,14,0,32.8812096,-117.2333617,106.941,73.177,0.073,0.085,3,1,29,0.0111,0.001,0.0018622953999999998,-0.001,-0.001,0.002,0,PVT
342906.0,2026,4,22,23,14,0,32.8812097,-117.2333616,106.939,73.175,0.071,0.076,3,1,30,0.011699999999999999,0.005,0.0018622953999999998,-0.003,-0.004,0.004,0,PVT
342907.0,2026,4,22,23,14,0,32.8812099,-117.2333615,106.936,73.172,0.07,0.074,3,1,29,0.011699999999999999,0.003,0.0018622953999999998,-0.002,-0.002,0.004,0,PVT
342908.0,2026,4,22,23,14,0,32.8812102,-117.2333616,106.931,73.167,0.07,0.073,3,1,29,0.0121,0.006,0.0018622953999999998,-0.005,-0.003,0.004,0,PVT
342909.0,2026,4,22,23,14,0,32.8812106,-117.2333617,106.918,73.154,0.07,0.076,3,1,28,0.011699999999999999,0.001,0.0018622953999999998,-0.001,-0.001,0.005,0,PVT
342911.0,2026,4,22,23,14,0,32.8812114,-117.2333618,106.902,73.138,0.067,0.072,3,1,29,0.011399999999999999,0.001,0.0018622953999999998,0.001,0.001,0.008,0,PVT
342912.0,2026,4,22,23,14,0,32.8812118,-117.2333619,106.885,73.121,0.066,0.071,3,1,30,0.011699999999999999,0.005,0.0018622953999999998,0.0,0.005,0.006,0,PVT
