Timestamp,Sensor,AccX,AccY,AccZ,GyrX,GyrY,GyrZ,MagX,MagY,MagZ,Temp
2026/04/15 14:42:31.00,IMU,83.50,125.49,-1040.04,1.66,3.77,2.60,-35.85,5.70,-58.20,29.6
2026/04/15 14:42:31.10,IMU,21.48,130.37,-1062.01,-4.76,-6.69,1.07,-36.75,7.05,-57.00,29.7
2026/04/15 14:42:31.20,IMU,89.36,88.38,-1043.95,9.78,0.33,-21.76,-35.55,7.35,-58.50,29.6
2026/04/15 14:42:31.30,IMU,24.90,59.08,-971.19,-2.47,0.61,13.63,-35.70,6.00,-60.45,29.6
2026/04/15 14:42:31.40,IMU,43.95,135.25,-1075.68,-13.60,4.81,0.43,-36.90,6.15,-58.50,29.6
2026/04/15 14:42:31.50,IMU,98.63,141.11,-1024.90,4.47,0.94,0.56,-35.70,6.75,-59.10,29.8
2026/04/15 14:42:31.60,IMU,19.04,117.19,-1025.39,10.02,2.16,-6.05,-36.15,6.90,-59.25,29.8
2026/04/15 14:42:31.71,IMU,68.85,90.82,-1025.88,-2.93,0.45,-5.18,-36.90,6.60,-58.50,29.6
2026/04/15 14:42:31.81,IMU,51.27,104.00,-1094.73,-0.89,-1.21,7.24,-35.55,6.90,-57.75,29.3
2026/04/15 14:42:31.91,IMU,88.38,126.95,-1095.70,-9.11,-11.27,-4.76,-35.85,6.60,-58.95,29.7
2026/04/15 14:42:32.01,IMU,2.44,121.09,-1010.25,13.46,-14.63,-2.39,-35.10,7.35,-58.20,29.7
2026/04/15 14:42:32.11,IMU,-29.79,70.31,-998.05,14.17,-3.57,1.68,-33.30,4.95,-56.70,29.6
2026/04/15 14:42:32.21,IMU,55.66,19.53,-996.09,13.03,-6.70,3.76,-32.40,5.25,-59.85,29.6
2026/04/15 14:42:32.31,IMU,-14.16,92.29,-1094.73,-7.36,-5.08,-7.44,-32.70,4.50,-59.85,29.7
2026/04/15 14:42:32.41,IMU,-175.78,12.21,-900.88,9.63,-7.03,3.76,-32.55,3.45,-58.50,29.8
2026/04/15 14:42:32.51,IMU,-37.60,83.01,-980.47,-2.71,-3.75,-3.09,-30.90,4.05,-59.10,29.6
2026/04/15 14:42:32.61,IMU,-33.69,13.67,-1047.85,1.15,1.77,2.44,-31.65,2.25,-59.40,29.6
2026/04/15 14:42:32.71,IMU,-65.92,13.67,-1005.86,6.87,-3.64,3.76,-31.35,3.30,-58.35,29.5
2026/04/15 14:42:32.81,IMU,-4.88,13.18,-1045.90,8.65,3.84,1.84,-31.80,2.70,-59.55,29.8
2026/04/15 14:42:32.91,IMU,-25.88,-4.39,-1045.90,0.40,0.63,-3.60,-33.15,3.30,-59.40,29.6
2026/04/15 14:42:33.01,IMU,-84.47,69.34,-942.38,-2.43,3.02,-14.55,-32.25,1.95,-59.25,29.6
2026/04/15 14:42:33.11,IMU,83.98,56.64,-685.06,-30.08,0.42,-34.18,-31.50,3.15,-60.00,29.9
2026/04/15 14:42:33.21,IMU,-144.04,-34.67,-1040.04,6.89,6.45,-5.52,-31.65,3.30,-59.10,29.6
2026/04/15 14:42:33.32,IMU,-35.64,-50.78,-1003.91,29.46,-1.49,10.25,-31.80,2.40,-58.50,29.6
2026/04/15 14:42:33.42,IMU,34.67,-47.85,-1101.07,-12.08,1.67,-3.57,-30.45,2.40,-60.30,29.4
2026/04/15 14:42:33.52,IMU,-30.76,-13.18,-1104.49,-7.18,-13.02,11.15,-31.50,2.70,-59.25,29.8
2026/04/15 14:42:33.62,IMU,-41.99,-1.46,-1047.36,-7.10,-9.33,0.85,-30.60,2.55,-58.05,29.8
2026/04/15 14:42:33.72,IMU,-53.22,23.44,-1028.32,-2.92,5.27,4.48,-30.60,3.00,-59.40,29.6
2026/04/15 14:42:33.82,IMU,-24.90,60.06,-1037.11,16.31,-10.15,8.19,-29.10,2.25,-59.85,29.7
2026/04/15 14:42:33.92,IMU,-16.60,11.23,-1052.25,15.63,10.84,-6.05,-30.90,1.80,-58.65,29.8
2026/04/15 14:42:34.02,IMU,-27.34,-87.89,-1077.64,40.45,1.01,-2.46,-30.45,-1.65,-58.95,29.4
2026/04/15 14:42:34.12,IMU,25.39,-160.16,-1093.26,84.60,5.56,-17.84,-31.50,-6.15,-60.30,29.5
2026/04/15 14:42:34.22,IMU,16.60,-332.52,-1216.31,71.01,35.23,-23.69,-31.20,-12.60,-62.10,29.7
2026/04/15 14:42:34.32,IMU,27.83,-425.29,-908.69,78.30,-2.82,-7.28,-32.10,-19.20,-60.45,29.6
2026/04/15 14:42:34.42,IMU,88.38,-476.56,-947.27,71.05,7.74,16.32,-32.10,-25.20,-59.85,29.8
2026/04/15 14:42:34.52,IMU,32.71,-658.69,-763.18,65.53,-18.42,3.02,-32.55,-30.30,-57.45,29.4
2026/04/15 14:42:34.62,IMU,-79.59,-726.07,-696.78,58.89,-3.11,-0.82,-30.00,-36.00,-55.65,29.8
2026/04/15 14:42:34.72,IMU,-50.78,-758.30,-690.43,33.47,-6.99,-2.89,-28.50,-38.10,-53.70,29.6
2026/04/15 14:42:34.82,IMU,13.67,-814.94,-650.39,57.11,-8.98,-4.34,-28.50,-41.85,-51.90,29.6
2026/04/15 14:42:34.93,IMU,17.58,-807.62,-727.54,54.17,4.16,-8.37,-29.70,-46.20,-49.65,29.6
2026/04/15 14:42:35.03,IMU,-128.42,-960.45,-348.63,34.39,-9.10,-1.35,-30.75,-49.20,-47.10,29.4
2026/04/15 14:42:35.13,IMU,68.85,-962.89,-408.69,17.35,19.17,0.55,-30.45,-50.25,-43.95,29.8
2026/04/15 14:42:35.23,IMU,82.52,-927.25,-440.43,21.91,-2.35,7.66,-30.90,-51.60,-43.35,29.4
2026/04/15 14:42:35.33,IMU,5.86,-963.38,-482.91,11.51,-5.14,0.03,-30.45,-53.70,-42.15,29.5
2026/04/15 14:42:35.43,IMU,-57.62,-852.05,-3.42,-8.72,-0.18,18.11,-30.60,-54.30,-40.95,29.7
2026/04/15 14:42:35.53,IMU,-53.22,-1055.66,-263.18,48.56,16.37,0.59,-29.85,-54.30,-40.50,29.8
2026/04/15 14:42:35.63,IMU,-40.04,-1002.44,-310.55,44.07,2.21,10.36,-31.20,-55.20,-37.20,29.9
2026/04/15 14:42:35.73,IMU,-36.13,-962.89,-62.01,73.52,8.39,6.05,-29.55,-59.55,-32.70,29.4
2026/04/15 14:42:35.83,IMU,36.13,-865.72,114.26,178.48,14.53,-32.09,-33.15,-61.80,-24.15,29.8
2026/04/15 14:42:35.93,IMU,-7.81,-988.28,637.21,-19.62,-9.19,3.77,-32.55,-63.45,-11.10,29.8
2026/04/15 14:42:36.03,IMU,16.60,-1017.58,307.62,5.31,3.54,6.35,-34.95,-65.25,-12.45,29.6
2026/04/15 14:42:36.13,IMU,7.32,-971.19,51.76,24.37,-14.74,-1.21,-35.10,-63.15,-12.15,29.9
2026/04/15 14:42:36.23,IMU,21.48,-948.73,570.31,46.73,-16.66,5.46,-32.40,-63.75,-6.00,29.6
2026/04/15 14:42:36.33,IMU,54.69,-925.29,191.89,48.12,-11.76,18.36,-32.25,-63.90,-3.60,29.6
2026/04/15 14:42:36.43,IMU,-105.47,-885.74,680.18,51.50,-29.66,7.21,-30.90,-63.00,1.35,29.8
2026/04/15 14:42:36.54,IMU,21.00,-923.83,224.12,56.46,23.57,-0.05,-30.90,-63.00,3.15,29.8
2026/04/15 14:42:36.64,IMU,-73.73,-750.98,725.59,70.34,-4.73,-7.82,-33.00,-58.95,8.70,29.8
2026/04/15 14:42:36.74,IMU,82.52,-611.33,949.22,8.46,-6.83,-19.24,-33.30,-58.20,14.70,29.8
2026/04/15 14:42:36.84,IMU,-25.88,-634.28,568.36,51.49,22.80,-18.94,-34.65,-56.10,14.85,29.6
2026/04/15 14:42:36.94,IMU,123.54,-551.76,1071.78,41.40,8.44,-3.30,-32.55,-54.00,21.15,29.8
2026/04/15 14:42:37.04,IMU,-120.12,-501.46,871.09,35.65,7.13,-2.76,-32.10,-50.10,21.30,29.8
2026/04/15 14:42:37.14,IMU,-78.61,-456.54,897.46,26.63,5.55,5.21,-32.70,-49.35,24.15,29.4
2026/04/15 14:42:37.24,IMU,-67.87,-390.63,844.24,54.19,8.21,3.08,-31.65,-48.30,27.00,29.5
2026/04/15 14:42:37.34,IMU,-0.98,-295.41,923.83,70.50,-0.05,0.69,-30.90,-44.10,30.15,29.4
2026/04/15 14:42:37.44,IMU,-51.27,-174.80,1002.93,67.62,-5.70,2.73,-31.50,-39.00,33.30,29.9
2026/04/15 14:42:37.54,IMU,-5.86,-57.13,1074.71,33.15,-11.79,4.21,-30.75,-34.80,35.40,29.7
2026/04/15 14:42:37.64,IMU,-25.88,-77.15,949.22,13.79,-16.95,2.42,-33.90,-33.45,37.05,29.7
2026/04/15 14:42:37.74,IMU,-14.65,-6.35,820.80,42.85,4.47,-5.53,-35.70,-30.45,36.60,29.8
2026/04/15 14:42:37.84,IMU,131.84,47.85,1080.57,-15.28,2.22,-2.82,-34.95,-27.15,37.35,29.8
2026/04/15 14:42:37.94,IMU,-67.38,8.30,990.72,27.90,15.31,-14.39,-35.55,-28.05,37.80,29.8
2026/04/15 14:42:38.04,IMU,31.74,74.71,1015.63,21.13,0.82,-2.47,-36.45,-23.70,38.40,29.5
2026/04/15 14:42:38.15,IMU,93.75,124.51,997.56,25.98,-5.14,-5.39,-36.60,-26.10,41.40,29.9
2026/04/15 14:42:38.25,IMU,71.78,204.10,875.49,39.31,7.76,-2.47,-34.80,-19.80,41.40,29.6
2026/04/15 14:42:38.35,IMU,-541.99,200.20,765.63,32.44,16.26,-22.83,-34.35,-17.40,40.05,29.9
2026/04/15 14:42:38.45,IMU,41.02,368.16,864.26,51.17,-31.83,19.34,-33.45,-12.45,41.55,29.3
2026/04/15 14:42:38.55,IMU,96.19,428.22,1021.00,32.60,9.95,6.66,-33.45,-9.00,40.95,29.8
2026/04/15 14:42:38.65,IMU,-31.74,484.86,739.75,70.91,7.50,1.40,-34.05,-4.95,39.00,29.7
2026/04/15 14:42:38.75,IMU,5.86,571.78,852.54,55.60,11.30,0.63,-33.60,0.45,39.00,29.6
2026/04/15 14:42:38.85,IMU,40.04,614.26,571.29,40.42,0.69,2.54,-31.50,4.65,36.15,29.9
2026/04/15 14:42:38.95,IMU,44.92,681.15,643.07,52.62,-6.69,3.86,-33.30,9.15,34.95,29.6
2026/04/15 14:42:39.05,IMU,67.87,798.83,437.01,67.02,10.99,-8.63,-31.50,14.85,31.50,29.6
2026/04/15 14:42:39.16,IMU,53.22,880.37,577.64,87.16,11.36,-7.66,-36.15,16.35,32.85,29.8
2026/04/15 14:42:39.26,IMU,-100.10,872.07,465.33,31.55,3.54,10.62,-31.20,25.35,23.25,29.6
2026/04/15 14:42:39.36,IMU,6.35,938.48,331.54,33.18,11.75,0.92,-30.90,27.45,22.05,29.7
2026/04/15 14:42:39.46,IMU,19.53,974.12,315.92,57.91,15.98,-11.95,-30.75,28.80,19.35,29.9
2026/04/15 14:42:39.56,IMU,-60.06,941.41,206.54,20.34,7.89,-14.50,-29.85,30.45,14.85,29.8
2026/04/15 14:42:39.66,IMU,-22.46,950.68,188.96,46.16,1.70,-0.53,-29.55,32.40,12.45,29.7
2026/04/15 14:42:39.76,IMU,-88.87,992.68,99.61,33.88,-12.63,7.08,-28.05,33.45,9.60,29.7
2026/04/15 14:42:39.86,IMU,5.37,1028.81,29.30,50.21,-5.15,8.97,-29.70,35.25,5.85,29.8
2026/04/15 14:42:39.96,IMU,-117.19,988.77,-120.12,37.78,0.04,7.39,-30.60,36.15,2.10,29.8
2026/04/15 14:42:40.06,IMU,-3.42,976.07,-32.23,48.44,11.04,-11.91,-28.95,34.80,-3.30,29.9
2026/04/15 14:42:40.16,IMU,65.43,1036.62,-301.76,49.84,1.02,7.99,-28.95,35.55,-5.40,29.8
2026/04/15 14:42:40.26,IMU,-60.06,927.73,-317.87,63.89,15.43,8.72,-30.60,36.60,-11.70,29.5
2026/04/15 14:42:40.36,IMU,-53.22,877.44,-431.15,28.20,-3.37,11.88,-30.30,36.60,-15.30,29.7
2026/04/15 14:42:40.46,IMU,-62.99,875.98,-506.84,37.56,-0.05,-5.97,-28.65,36.00,-19.05,29.7
2026/04/15 14:42:40.57,IMU,-72.27,1036.13,-1106.93,54.02,-19.76,11.28,-28.65,35.25,-23.25,29.8
2026/04/15 14:42:40.67,IMU,-7.81,648.93,-685.55,40.20,-17.04,1.73,-30.75,32.55,-28.95,29.8
2026/04/15 14:42:40.77,IMU,12.70,674.32,-624.51,48.01,-2.41,3.33,-30.75,29.55,-33.90,29.9
2026/04/15 14:42:40.87,IMU,-40.04,656.74,-883.30,30.53,-3.93,12.06,-30.60,28.20,-36.60,29.6
2026/04/15 14:42:40.97,IMU,0.00,558.11,-889.16,42.83,0.66,5.36,-31.50,26.85,-38.55,29.9
2026/04/15 14:42:41.07,IMU,33.20,534.67,-931.15,60.78,-4.57,3.10,-30.60,25.20,-42.75,29.8
2026/04/15 14:42:41.17,IMU,-43.95,436.52,-930.66,65.96,-7.73,-5.54,-29.70,19.35,-47.10,29.6
2026/04/15 14:42:41.27,IMU,-12.21,342.29,-954.10,54.21,-2.23,-0.56,-30.60,16.20,-52.65,29.6
2026/04/15 14:42:41.37,IMU,-17.58,236.82,-1027.83,55.47,-12.05,-2.63,-28.80,13.95,-52.95,29.8
2026/04/15 14:42:41.47,IMU,-99.61,151.86,-956.54,25.76,-1.28,2.99,-27.75,11.25,-55.20,29.9
2026/04/15 14:42:41.57,IMU,-3.91,67.87,-1038.09,37.12,-0.38,6.36,-28.50,6.30,-56.25,29.7
2026/04/15 14:42:41.67,IMU,-22.95,21.97,-1013.67,25.77,-3.03,-4.69,-29.40,4.65,-57.15,29.8
2026/04/15 14:42:41.77,IMU,8.79,-11.72,-1089.84,23.17,-1.03,-0.31,-28.20,3.15,-57.45,29.6
2026/04/15 14:42:41.87,IMU,-57.13,-57.62,-973.63,29.00,-16.44,-4.10,-28.65,-1.20,-57.15,29.6
2026/04/15 14:42:41.97,IMU,-93.26,-84.47,-1032.71,18.44,-7.94,0.17,-27.60,-1.65,-59.25,29.8
2026/04/15 14:42:42.07,IMU,-110.35,-91.80,-958.50,28.38,-9.73,-3.67,-26.10,-3.15,-60.00,29.6
2026/04/15 14:42:42.18,IMU,-167.48,-166.50,-1012.21,-8.12,8.17,-1.31,-25.95,-3.75,-60.15,29.4
2026/04/15 14:42:42.28,IMU,-148.44,-187.99,-1027.83,-0.44,9.21,-9.60,-26.70,-5.55,-58.65,29.8
2026/04/15 14:42:42.38,IMU,0.00,-170.41,-1041.99,3.73,7.92,-1.25,-28.80,-3.75,-58.05,29.8
2026/04/15 14:42:42.48,IMU,-57.62,-144.04,-950.68,12.10,-1.81,12.77,-26.85,-5.40,-58.95,29.6
2026/04/15 14:42:42.58,IMU,-9.28,-164.55,-991.21,-0.34,6.63,-4.79,-28.20,-4.65,-59.25,29.3
2026/04/15 14:42:42.68,IMU,-18.07,-178.22,-1044.92,-4.66,5.07,-5.80,-28.95,-6.15,-61.35,29.8
2026/04/15 14:42:42.78,IMU,25.39,-146.48,-1016.11,10.38,-13.88,8.57,-27.75,-5.55,-59.85,29.8
2026/04/15 14:42:42.88,IMU,-10.25,-234.38,-1051.76,5.10,-9.20,5.11,-27.75,-7.05,-59.10,29.7
2026/04/15 14:42:42.98,IMU,-122.56,-235.84,-1083.50,-22.77,7.63,-4.23,-25.80,-6.60,-59.55,29.6
2026/04/15 14:42:43.08,IMU,-197.75,-178.71,-1007.81,-4.85,-7.86,-6.40,-25.50,-5.55,-59.85,29.7
2026/04/15 14:42:43.18,IMU,-162.11,-148.93,-1036.62,-0.31,-8.52,10.10,-25.95,-6.00,-60.45,29.8
2026/04/15 14:42:43.28,IMU,-145.51,-170.90,-980.47,-11.56,3.29,-3.60,-24.60,-4.20,-58.50,29.4
2026/04/15 14:42:43.38,IMU,-102.05,-125.98,-1046.88,0.73,-1.03,4.97,-24.30,-4.20,-60.00,29.8
2026/04/15 14:42:43.48,IMU,-136.72,-132.32,-1026.86,11.02,-7.24,25.82,-25.50,-5.55,-59.85,29.6
2026/04/15 14:42:43.58,IMU,-197.27,-143.07,-994.63,-11.40,2.82,24.88,-24.90,-4.05,-58.35,29.6
2026/04/15 14:42:43.68,IMU,-55.66,-88.87,-1038.57,-4.75,-10.05,33.90,-25.80,-4.65,-58.95,29.6
2026/04/15 14:42:43.79,IMU,-175.78,-101.56,-996.09,1.91,-5.68,43.21,-25.35,-3.45,-58.95,29.3
2026/04/15 14:42:43.89,IMU,-237.30,-120.12,-1053.22,4.64,6.01,52.21,-26.70,-1.80,-58.35,29.6
2026/04/15 14:42:43.99,IMU,-193.85,-102.54,-1065.43,11.34,-9.54,69.10,-26.10,-3.15,-60.00,29.7
2026/04/15 14:42:44.09,IMU,-208.50,-68.36,-1002.44,19.90,-12.24,74.23,-27.00,-3.00,-59.10,29.5
2026/04/15 14:42:44.19,IMU,-247.56,-71.29,-1119.63,11.66,-8.30,72.21,-29.70,-3.75,-59.85,29.8
2026/04/15 14:42:44.29,IMU,-193.36,-18.55,-925.78,-21.47,-2.89,67.26,-30.30,-4.80,-59.10,29.9
2026/04/15 14:42:44.39,IMU,-326.66,14.16,-975.59,-24.09,10.12,24.69,-30.30,-3.00,-59.40,29.4
2026/04/15 14:42:44.49,IMU,-341.31,59.57,-1270.51,17.49,9.50,34.11,-30.75,-0.45,-59.55,29.5
2026/04/15 14:42:44.59,IMU,-142.09,18.55,-910.64,46.60,7.24,13.15,-34.35,-3.90,-59.25,29.8
2026/04/15 14:42:44.69,IMU,-210.94,-5.86,-944.82,-5.31,7.03,33.66,-34.95,-5.25,-59.85,29.8
2026/04/15 14:42:44.79,IMU,-200.68,-8.30,-1103.03,-7.74,11.72,24.21,-36.15,-4.20,-60.30,29.7
2026/04/15 14:42:44.89,IMU,-120.61,20.51,-1037.60,32.50,7.00,23.77,-36.90,-6.15,-59.25,29.5
2026/04/15 14:42:44.99,IMU,-122.07,-38.09,-966.31,18.33,9.37,31.03,-38.55,-9.75,-60.45,29.8
2026/04/15 14:42:45.09,IMU,-186.52,-27.34,-844.73,0.20,4.32,26.64,-39.15,-11.10,-59.55,29.8
2026/04/15 14:42:45.19,IMU,-143.55,-39.55,-1266.60,10.25,5.73,29.37,-38.55,-9.75,-60.15,29.7
2026/04/15 14:42:45.29,IMU,-156.74,-85.94,-848.14,37.91,-4.62,22.88,-38.55,-13.95,-59.40,29.8
2026/04/15 14:42:45.40,IMU,-75.20,-93.26,-1079.10,8.13,5.15,38.43,-38.85,-15.45,-59.10,29.6
2026/04/15 14:42:45.50,IMU,-111.82,-111.33,-1039.06,4.26,-0.07,36.08,-42.15,-17.25,-59.85,29.6
2026/04/15 14:42:45.60,IMU,-170.41,-115.72,-914.55,-3.25,11.37,41.21,-41.10,-19.20,-59.85,29.4
2026/04/15 14:42:45.70,IMU,-28.32,-61.04,-994.14,3.47,29.86,42.51,-40.05,-19.95,-59.40,29.8
2026/04/15 14:42:45.80,IMU,-110.35,-100.10,-1060.06,-18.17,11.09,35.26,-40.95,-20.85,-60.00,29.9
2026/04/15 14:42:45.90,IMU,-166.02,-121.58,-1128.42,-5.36,19.02,15.02,-41.55,-20.55,-58.95,29.6
2026/04/15 14:42:46.00,IMU,125.98,-81.05,-1039.06,16.37,40.40,33.90,-41.55,-23.10,-58.50,29.8
2026/04/15 14:42:46.10,IMU,-31.74,-131.35,-964.36,-3.85,18.57,30.53,-44.25,-23.25,-58.35,29.7
2026/04/15 14:42:46.20,IMU,-3.42,-109.37,-1081.54,-28.69,22.71,16.47,-45.75,-23.70,-58.35,29.6
2026/04/15 14:42:46.30,IMU,-148.44,-89.36,-547.85,48.85,14.97,48.88,-46.80,-25.95,-54.75,29.6
2026/04/15 14:42:46.40,IMU,177.25,-62.50,-965.82,-11.73,-4.05,9.67,-44.25,-25.95,-58.05,29.6
2026/04/15 14:42:46.50,IMU,89.84,-74.22,-1031.25,7.02,-14.83,49.75,-43.80,-28.05,-58.20,29.7
2026/04/15 14:42:46.60,IMU,166.02,-110.35,-926.76,10.73,-13.83,37.91,-42.90,-28.95,-57.00,29.6
2026/04/15 14:42:46.70,IMU,-9.28,-133.79,-1116.21,2.37,-4.32,51.67,-40.65,-31.20,-57.60,29.7
2026/04/15 14:42:46.80,IMU,-458.50,-92.29,-981.93,-4.50,10.43,21.28,-36.60,-32.55,-58.20,29.4
2026/04/15 14:42:46.90,IMU,-128.91,-114.26,-1030.76,1.98,-12.78,66.81,-37.05,-31.65,-58.05,29.8
2026/04/15 14:42:47.01,IMU,74.22,-61.04,-1066.41,-11.79,2.98,45.93,-36.45,-31.20,-57.60,29.6
2026/04/15 14:42:47.11,IMU,19.04,-55.66,-1108.89,16.00,16.33,69.31,-34.95,-33.15,-57.30,29.8
2026/04/15 14:42:47.21,IMU,-61.04,-112.30,-1036.62,-1.34,-0.63,55.34,-35.10,-32.55,-57.45,29.8
2026/04/15 14:42:47.31,IMU,2.44,-52.25,-1036.13,-7.11,5.53,31.47,-36.90,-35.25,-53.55,29.6
2026/04/15 14:42:47.41,IMU,14.65,-57.62,-1006.35,-5.03,4.43,16.82,-31.50,-31.50,-57.45,29.8
2026/04/15 14:42:47.51,IMU,-49.32,-55.66,-1017.58,2.01,1.91,56.08,-28.80,-32.40,-57.60,29.2
2026/04/15 14:42:47.61,IMU,-81.54,-54.69,-1096.19,2.05,11.47,32.39,-29.85,-31.95,-57.60,29.7
2026/04/15 14:42:47.71,IMU,-116.70,-42.48,-1082.03,3.42,1.24,38.20,-28.20,-32.25,-58.20,29.7
2026/04/15 14:42:47.81,IMU,-80.08,-39.55,-1056.64,6.50,-1.16,36.31,-27.75,-31.20,-57.60,29.9
2026/04/15 14:42:47.91,IMU,-226.07,-69.82,-1081.54,-3.40,-3.21,68.98,-27.15,-33.00,-57.75,29.5
2026/04/15 14:42:48.01,IMU,-201.66,-62.50,-1106.93,9.76,0.64,57.32,-23.25,-31.80,-57.15,29.8
2026/04/15 14:42:48.11,IMU,-216.80,-101.07,-1031.25,8.72,3.12,30.01,-22.05,-31.50,-57.45,29.6
2026/04/15 14:42:48.21,IMU,-92.77,-90.33,-1039.06,7.86,2.00,56.05,-22.05,-29.85,-58.20,29.5
2026/04/15 14:42:48.32,IMU,54.20,-33.69,-1053.71,3.47,-2.60,49.75,-20.55,-29.70,-57.00,29.4
2026/04/15 14:42:48.42,IMU,20.02,-65.43,-1064.45,11.80,5.92,55.61,-18.15,-29.55,-56.40,29.5
2026/04/15 14:42:48.52,IMU,-47.36,-29.30,-1039.55,7.31,11.07,71.57,-16.95,-28.20,-59.10,29.7
2026/04/15 14:42:48.62,IMU,152.83,-32.23,-1017.09,12.03,8.59,70.15,-15.60,-28.05,-57.75,29.6
2026/04/15 14:42:48.72,IMU,9.28,-40.53,-986.82,10.45,4.60,74.83,-14.55,-27.60,-57.75,29.6
2026/04/15 14:42:48.82,IMU,-115.23,-93.75,-1026.37,-2.30,2.53,61.91,-15.30,-25.35,-57.45,29.6
2026/04/15 14:42:48.93,IMU,-10.25,-97.66,-1001.95,-0.01,5.63,40.39,-13.65,-22.50,-58.05,29.7
2026/04/15 14:42:49.03,IMU,-87.40,-87.89,-1079.59,4.60,3.61,47.36,-12.90,-22.20,-58.05,29.7
2026/04/15 14:42:49.13,IMU,-57.13,-97.17,-1028.81,6.03,5.98,41.23,-13.50,-20.85,-59.25,29.6
2026/04/15 14:42:49.23,IMU,28.81,-72.27,-1042.48,4.27,4.83,43.70,-13.95,-20.70,-58.65,29.6
2026/04/15 14:42:49.33,IMU,-27.83,-142.58,-1012.70,13.27,15.95,37.36,-14.25,-19.80,-59.55,29.6
2026/04/15 14:42:49.43,IMU,-80.08,-111.33,-1045.41,4.74,7.52,21.40,-13.80,-19.80,-57.75,29.7
2026/04/15 14:42:49.53,IMU,-44.43,-122.07,-1008.30,1.35,2.12,20.48,-14.25,-18.60,-59.55,29.4
2026/04/15 14:42:49.63,IMU,-101.07,-135.25,-1000.00,5.66,5.31,27.61,-13.80,-18.30,-60.60,29.5
2026/04/15 14:42:49.73,IMU,12.70,-104.00,-1054.20,0.34,1.33,33.79,-13.95,-19.20,-58.65,29.7
2026/04/15 14:42:49.83,IMU,-71.78,-171.88,-987.79,-0.21,-0.20,8.31,-13.95,-16.95,-59.85,29.8
2026/04/15 14:42:49.93,IMU,-122.07,-7.81,-1197.27,-25.09,3.95,19.65,-13.35,-14.25,-59.40,29.3
2026/04/15 14:42:50.03,IMU,-34.67,-75.68,-1076.66,22.23,-2.89,5.31,-15.45,-14.70,-59.40,29.8
2026/04/15 14:42:50.13,IMU,-2.93,-102.54,-995.12,7.75,2.60,6.35,-14.40,-15.45,-59.85,29.8
2026/04/15 14:42:50.23,IMU,-94.24,-119.63,-1104.00,3.04,-2.96,-6.08,-14.40,-15.75,-58.35,29.6
2026/04/15 14:42:50.33,IMU,-67.87,-133.30,-1027.34,-3.22,-12.01,-14.67,-13.65,-16.50,-59.85,29.6
2026/04/15 14:42:50.43,IMU,-13.18,-62.50,-1134.77,-19.81,-10.19,-12.04,-13.05,-17.10,-58.95,29.6
2026/04/15 14:42:50.54,IMU,-143.07,-40.53,-1049.80,-8.68,1.48,20.29,-12.15,-15.00,-58.35,29.8
2026/04/15 14:42:50.64,IMU,-8.30,-51.76,-950.20,9.67,9.03,11.25,-11.85,-15.00,-58.65,29.8
2026/04/15 14:42:50.74,IMU,39.06,-43.95,-1213.38,-5.92,-3.51,-5.29,-12.45,-14.10,-58.95,29.3
2026/04/15 14:42:50.84,IMU,-24.41,-89.36,-899.90,-15.49,-4.24,-3.17,-12.60,-15.75,-59.40,29.6
2026/04/15 14:42:50.94,IMU,-44.43,-34.18,-1039.06,13.31,1.87,-2.57,-13.05,-14.40,-59.25,29.7
2026/04/15 14:42:51.04,IMU,-72.27,-67.38,-1021.48,9.64,5.16,2.14,-13.50,-14.85,-59.55,29.9
2026/04/15 14:42:51.14,IMU,-84.96,-72.27,-1006.84,8.15,4.18,8.95,-13.50,-15.15,-58.95,29.6
2026/04/15 14:42:51.24,IMU,-1.95,-57.62,-1270.51,12.69,4.90,6.60,-12.00,-15.60,-58.95,29.8
2026/04/15 14:42:51.34,IMU,32.23,-92.29,-1159.67,-13.26,-1.97,-5.47,-13.05,-15.60,-59.55,29.6
2026/04/15 14:42:51.44,IMU,-90.82,-104.00,-1099.61,-11.73,1.79,0.46,-13.65,-16.50,-59.10,29.2
2026/04/15 14:42:51.54,IMU,-32.71,-93.26,-1100.10,-0.01,1.40,-1.57,-13.50,-15.60,-60.30,29.7
2026/04/15 14:42:51.64,IMU,24.41,-119.14,-1005.37,-4.71,2.21,-5.05,-13.05,-16.35,-59.25,29.8
2026/04/15 14:42:51.74,IMU,-23.93,-108.89,-1032.23,-5.31,6.49,-4.94,-15.30,-16.65,-59.25,29.7
2026/04/15 14:42:51.84,IMU,-21.97,-103.52,-1039.55,4.91,30.46,-1.13,-16.20,-16.50,-60.15,29.5
2026/04/15 14:42:51.94,IMU,130.37,-152.83,-824.22,-1.73,42.06,-13.07,-18.00,-17.70,-60.90,29.5
2026/04/15 14:42:52.05,IMU,146.48,-107.91,-1117.19,-1.77,23.65,-19.18,-22.65,-17.70,-61.95,29.6
2026/04/15 14:42:52.15,IMU,355.47,-42.48,-930.18,12.08,33.38,-19.46,-24.90,-18.00,-61.95,29.6
2026/04/15 14:42:52.25,IMU,170.41,-134.28,-1262.70,-1.23,96.49,13.76,-30.45,-17.85,-62.10,29.8
2026/04/15 14:42:52.35,IMU,542.48,-70.31,-826.17,0.98,76.20,4.53,-36.60,-19.05,-62.10,29.6
2026/04/15 14:42:52.45,IMU,621.58,-62.01,-876.46,13.74,40.18,7.36,-43.80,-19.05,-60.60,29.7
2026/04/15 14:42:52.55,IMU,604.49,-91.80,-874.02,-35.27,43.52,24.69,-46.80,-18.75,-58.05,30.0
2026/04/15 14:42:52.65,IMU,692.38,-67.87,-716.80,6.77,55.37,-13.51,-50.40,-17.25,-58.05,29.8
2026/04/15 14:42:52.75,IMU,770.51,-108.89,-538.09,11.95,63.20,-11.86,-54.00,-16.95,-55.80,29.8
2026/04/15 14:42:52.85,IMU,788.57,-49.80,-790.53,8.46,37.37,-7.79,-57.90,-17.40,-54.30,29.7
2026/04/15 14:42:52.95,IMU,825.68,-68.85,-420.41,-2.54,64.66,6.96,-61.50,-16.65,-49.95,29.6
2026/04/15 14:42:53.05,IMU,840.82,-123.54,-493.16,16.06,43.13,-12.96,-63.45,-17.25,-48.00,29.6
2026/04/15 14:42:53.15,IMU,947.27,-19.53,-400.39,-3.18,53.22,-14.01,-66.15,-17.10,-44.25,29.5
2026/04/15 14:42:53.25,IMU,739.26,-193.36,487.79,-10.44,164.06,9.53,-69.60,-15.45,-40.50,29.8
2026/04/15 14:42:53.35,IMU,958.50,-181.15,-172.36,3.21,9.06,11.72,-73.20,-17.25,-30.90,29.8
2026/04/15 14:42:53.45,IMU,1044.92,18.07,-180.18,4.11,1.46,5.41,-74.40,-16.65,-30.45,29.8
2026/04/15 14:42:53.55,IMU,939.45,-109.37,285.16,-32.95,87.61,-4.53,-74.25,-17.25,-30.60,29.6
2026/04/15 14:42:53.65,IMU,1043.95,-90.82,-58.11,14.75,20.69,23.37,-77.40,-17.85,-25.35,29.8
2026/04/15 14:42:53.76,IMU,937.50,-179.69,54.20,32.14,12.11,-32.85,-77.40,-16.65,-24.00,29.6
2026/04/15 14:42:53.86,IMU,940.92,-27.83,74.22,-12.55,27.24,15.44,-76.65,-14.85,-22.95,29.6
2026/04/15 14:42:53.96,IMU,1010.25,-59.57,91.31,1.28,22.21,-7.71,-78.75,-16.35,-20.40,29.8
2026/04/15 14:42:54.06,IMU,1086.91,-17.58,169.92,26.74,-4.47,8.60,-76.65,-15.90,-18.60,29.9
2026/04/15 14:42:54.16,IMU,986.82,-100.10,139.16,34.81,-15.68,1.27,-77.70,-17.85,-17.85,29.4
2026/04/15 14:42:54.26,IMU,1013.67,-53.71,-106.93,-26.03,7.55,-8.32,-76.80,-18.45,-19.95,29.6
2026/04/15 14:42:54.36,IMU,932.62,-55.66,97.66,-2.15,14.70,-11.57,-77.55,-16.95,-19.20,29.6
2026/04/15 14:42:54.46,IMU,1038.57,-12.21,146.97,-21.08,27.80,15.40,-79.35,-15.75,-16.65,29.4
2026/04/15 14:42:54.56,IMU,925.29,-18.55,136.23,9.31,45.28,-3.44,-78.90,-14.70,-13.80,29.9
2026/04/15 14:42:54.66,IMU,1071.78,2.44,316.41,-8.94,45.05,-8.86,-80.10,-15.45,-10.95,29.9
2026/04/15 14:42:54.76,IMU,1005.86,13.67,296.88,15.88,33.80,5.18,-78.60,-13.95,-6.75,29.7
2026/04/15 14:42:54.86,IMU,813.96,-34.18,410.16,-6.97,37.58,-11.40,-78.45,-13.65,-3.00,29.4
2026/04/15 14:42:54.96,IMU,1015.63,36.13,556.64,-0.02,37.12,-11.46,-77.85,-12.00,0.00,29.7
2026/04/15 14:42:55.06,IMU,814.94,9.77,430.66,8.74,37.94,-25.47,-75.75,-12.75,2.40,29.6
2026/04/15 14:42:55.16,IMU,735.84,57.62,452.15,-7.43,39.07,-2.99,-75.75,-10.50,5.25,29.8
2026/04/15 14:42:55.26,IMU,966.31,62.50,856.93,-0.40,31.64,11.66,-73.80,-10.35,9.75,29.6
2026/04/15 14:42:55.37,IMU,706.05,22.46,771.00,14.90,29.79,2.27,-72.30,-12.15,11.85,29.7
2026/04/15 14:42:55.47,IMU,643.07,15.14,587.89,-2.31,44.40,-0.47,-71.55,-12.90,15.75,29.5
2026/04/15 14:42:55.57,IMU,604.00,72.27,824.22,-3.97,47.50,2.83,-69.75,-12.60,18.60,29.5
2026/04/15 14:42:55.67,IMU,485.84,-8.79,847.17,-1.17,44.21,4.48,-68.10,-12.00,20.55,29.7
2026/04/15 14:42:55.77,IMU,449.22,-25.39,870.61,-4.56,37.26,10.61,-65.10,-11.10,24.75,29.6
2026/04/15 14:42:55.87,IMU,464.84,8.30,902.83,-10.49,32.57,7.55,-63.30,-12.15,26.85,29.6
2026/04/15 14:42:55.97,IMU,502.44,-51.76,863.77,-16.04,38.99,2.39,-61.95,-13.50,28.80,29.4
2026/04/15 14:42:56.07,IMU,156.74,88.87,1004.39,53.09,132.92,-27.09,-56.25,-14.25,31.65,29.2
2026/04/15 14:42:56.17,IMU,70.80,-28.81,961.91,-9.30,4.94,4.31,-52.50,-9.60,34.65,29.8
2026/04/15 14:42:56.27,IMU,102.05,62.01,1046.39,-3.79,8.62,0.27,-52.65,-10.50,34.80,29.8
2026/04/15 14:42:56.37,IMU,125.00,39.06,983.89,-11.73,8.85,14.00,-50.70,-10.65,35.40,29.1
2026/04/15 14:42:56.47,IMU,111.82,-23.93,1181.64,-23.36,-3.68,-4.05,-55.35,-13.65,40.05,29.8
2026/04/15 14:42:56.57,IMU,17.09,-106.93,740.72,-11.78,20.37,-12.62,-52.95,-14.70,35.55,29.8
2026/04/15 14:42:56.67,IMU,237.30,-5.86,1026.86,29.52,23.65,-8.53,-51.60,-13.50,35.85,29.6
2026/04/15 14:42:56.77,IMU,22.46,6.84,1101.07,8.53,35.05,20.99,-48.00,-12.00,37.35,29.7
2026/04/15 14:42:56.88,IMU,45.41,-12.21,909.67,16.05,26.08,-3.28,-45.00,-9.75,37.65,29.6
2026/04/15 14:42:56.98,IMU,-71.78,49.80,1021.48,24.55,46.55,14.77,-42.30,-9.60,36.75,29.7
2026/04/15 14:42:57.08,IMU,-126.95,56.15,909.18,5.21,35.79,-6.78,-38.25,-8.55,39.90,29.4
2026/04/15 14:42:57.18,IMU,-214.36,64.94,1034.18,14.15,28.43,3.84,-35.10,-9.60,40.35,29.1
2026/04/15 14:42:57.28,IMU,-178.22,73.24,913.09,-6.07,13.80,3.91,-33.30,-6.90,40.35,29.6
2026/04/15 14:42:57.38,IMU,-325.68,92.29,860.84,0.89,35.85,5.79,-31.20,-8.10,39.60,29.9
2026/04/15 14:42:57.48,IMU,-329.59,95.21,995.61,28.60,43.24,-23.47,-27.90,-7.65,41.40,29.6
2026/04/15 14:42:57.58,IMU,-435.55,100.10,870.12,10.39,39.94,3.88,-26.40,-6.90,39.30,29.8
2026/04/15 14:42:57.68,IMU,-400.88,101.56,829.10,-3.87,8.09,8.97,-22.80,-4.95,38.55,29.5
2026/04/15 14:42:57.78,IMU,-425.29,121.58,926.27,7.99,13.02,0.11,-22.80,-4.20,39.60,29.6
2026/04/15 14:42:57.88,IMU,-573.24,40.04,977.54,16.31,43.11,2.81,-20.10,-6.00,39.15,29.7
2026/04/15 14:42:57.98,IMU,-692.87,87.89,783.20,10.32,57.36,-33.53,-16.20,-4.05,38.40,29.8
2026/04/15 14:42:58.09,IMU,-577.15,89.84,726.56,-20.35,32.84,-10.44,-12.00,-6.60,36.75,29.8
2026/04/15 14:42:58.19,IMU,-503.91,42.48,709.96,31.48,57.54,-16.36,-9.00,-6.75,35.55,29.8
2026/04/15 14:42:58.29,IMU,-863.77,39.06,553.71,-27.89,14.92,12.82,-6.30,-6.15,31.05,29.7
2026/04/15 14:42:58.39,IMU,-882.81,46.88,446.78,31.53,92.00,-38.62,-1.80,-6.30,30.15,29.6
2026/04/15 14:42:58.49,IMU,-791.99,-0.98,612.79,-14.47,49.88,-11.63,2.85,-6.00,26.25,29.5
2026/04/15 14:42:58.59,IMU,-906.25,-1.95,479.49,12.36,41.37,-10.63,5.40,-7.80,23.85,29.7
2026/04/15 14:42:58.69,IMU,-1013.18,9.77,438.48,-3.07,68.12,-0.76,9.45,-7.35,20.70,29.8
2026/04/15 14:42:58.79,IMU,-866.70,-2.44,90.82,10.41,67.87,-4.64,11.70,-8.40,16.20,29.4
2026/04/15 14:42:58.89,IMU,-983.40,19.04,29.79,13.33,66.88,-14.76,15.15,-8.55,11.40,29.7
2026/04/15 14:42:58.99,IMU,-907.23,-54.20,124.02,-15.60,57.15,-33.26,15.15,-10.05,7.05,29.4
2026/04/15 14:42:59.09,IMU,-980.47,-127.93,-289.55,-13.29,63.76,-9.24,17.25,-11.40,-0.75,29.6
2026/04/15 14:42:59.19,IMU,-1067.38,-145.51,-429.69,21.82,71.44,-23.75,18.75,-14.70,-7.80,29.6
2026/04/15 14:42:59.29,IMU,-886.72,-223.63,-292.97,6.64,65.17,-16.76,19.05,-17.70,-14.25,29.5
2026/04/15 14:42:59.39,IMU,-851.56,-203.61,-470.70,-17.27,56.53,20.30,18.00,-16.95,-20.55,29.7
2026/04/15 14:42:59.49,IMU,-872.56,-185.06,-666.99,-20.12,83.05,-4.05,16.20,-15.00,-25.20,29.8
2026/04/15 14:42:59.59,IMU,-739.26,-186.52,-692.87,-5.67,55.25,-48.18,13.50,-18.30,-32.10,29.5
2026/04/15 14:42:59.70,IMU,-597.66,-241.21,-722.66,18.32,53.20,-25.03,12.15,-20.70,-35.55,29.9
2026/04/15 14:42:59.80,IMU,-588.38,-265.14,-843.26,-25.95,68.11,-5.89,10.05,-22.20,-39.90,29.8
2026/04/15 14:42:59.90,IMU,-542.48,-289.06,-1009.77,-15.82,79.42,-15.72,6.60,-22.80,-43.95,29.7
2026/04/15 14:43:00.00,IMU,-375.00,-265.63,-1027.34,11.74,41.44,-3.13,1.80,-21.00,-49.50,29.8
2026/04/15 14:43:00.10,IMU,-356.93,-246.58,-876.95,-13.35,55.13,0.76,-1.20,-23.85,-51.00,29.6
2026/04/15 14:43:00.20,IMU,-274.41,-233.89,-929.69,-21.59,38.98,-23.66,-5.55,-22.05,-53.85,29.8
2026/04/15 14:43:00.30,IMU,-109.37,-232.42,-947.27,-35.45,64.17,-31.60,-7.65,-21.30,-56.10,29.8
2026/04/15 14:43:00.40,IMU,-69.82,-193.36,-975.10,-7.28,39.15,-14.18,-13.35,-20.70,-58.35,29.4
2026/04/15 14:43:00.50,IMU,58.59,-172.36,-930.66,-11.78,17.09,-9.08,-14.40,-19.95,-60.15,29.6
2026/04/15 14:43:00.60,IMU,-8.79,-149.90,-1004.88,-32.56,9.63,-11.52,-15.60,-19.35,-59.55,29.5
2026/04/15 14:43:00.70,IMU,41.02,-81.05,-1034.18,-7.81,15.45,3.24,-15.60,-17.10,-61.35,29.6
2026/04/15 14:43:00.80,IMU,-50.29,-32.23,-982.91,-15.77,15.21,14.40,-15.60,-16.65,-60.00,29.6
2026/04/15 14:43:00.90,IMU,-59.08,-10.25,-895.51,7.78,-7.49,23.48,-18.45,-14.85,-61.05,29.7
2026/04/15 14:43:01.00,IMU,-33.69,-53.22,-1022.46,1.11,-13.45,1.63,-16.05,-13.35,-61.35,30.1
2026/04/15 14:43:01.10,IMU,-2.44,-23.93,-1206.54,12.56,4.33,3.96,-15.15,-13.20,-60.90,29.6
2026/04/15 14:43:01.20,IMU,91.31,-55.66,-1134.77,49.96,6.77,-3.37,-16.65,-14.85,-60.00,29.5
2026/04/15 14:43:01.31,IMU,-33.20,-141.60,-998.54,59.81,3.47,21.56,-15.60,-18.60,-59.55,29.7
2026/04/15 14:43:01.41,IMU,-1.46,-247.56,-1163.57,37.16,-16.39,-3.65,-16.35,-21.60,-58.95,29.8
2026/04/15 14:43:01.51,IMU,27.83,-339.84,-1234.38,115.65,21.76,-3.79,-17.55,-28.95,-58.05,29.6
2026/04/15 14:43:01.61,IMU,10.74,-511.72,-813.48,71.92,42.89,-11.36,-17.25,-37.35,-52.95,29.8
2026/04/15 14:43:01.71,IMU,-61.04,-595.70,-702.64,85.45,23.89,17.79,-19.35,-42.15,-50.55,29.6
2026/04/15 14:43:01.81,IMU,152.34,-725.10,-805.66,37.21,3.89,-2.65,-20.25,-47.25,-47.10,29.7
2026/04/15 14:43:01.91,IMU,102.05,-777.83,-485.84,51.48,9.23,-4.76,-21.75,-51.75,-43.20,29.7
2026/04/15 14:43:02.01,IMU,118.65,-822.75,-627.93,51.49,50.92,-12.42,-24.45,-53.10,-39.45,29.7
2026/04/15 14:43:02.11,IMU,44.92,-892.09,-398.93,77.17,51.99,-28.89,-25.20,-57.30,-37.05,29.8
2026/04/15 14:43:02.21,IMU,253.91,-830.08,-380.37,-40.47,75.32,-103.39,-32.70,-58.05,-34.50,29.8
2026/04/15 14:43:02.31,IMU,689.94,-699.22,-548.83,-43.07,60.40,-77.09,-45.45,-54.60,-36.30,29.8
2026/04/15 14:43:02.41,IMU,604.98,-596.19,-843.75,173.05,47.96,-19.31,-49.05,-56.10,-34.20,29.3
2026/04/15 14:43:02.51,IMU,1056.64,-595.70,1.95,145.25,41.77,-57.57,-53.85,-58.65,-19.35,29.7
2026/04/15 14:43:02.61,IMU,737.30,-588.38,286.62,148.88,-1.88,92.54,-52.20,-58.05,-7.35,29.4
2026/04/15 14:43:02.71,IMU,566.41,-599.61,431.64,160.38,-21.79,103.61,-47.10,-60.15,4.05,29.4
2026/04/15 14:43:02.82,IMU,439.45,-604.49,496.09,116.30,-10.49,112.50,-37.65,-55.65,16.50,29.6
2026/04/15 14:43:02.92,IMU,212.89,-604.98,563.48,119.30,12.72,105.28,-28.80,-49.35,22.05,29.6
2026/04/15 14:43:03.02,IMU,16.60,-444.34,815.43,101.53,24.76,147.42,-22.80,-42.45,28.65,29.6
2026/04/15 14:43:03.12,IMU,-67.87,-413.09,959.47,44.38,33.82,103.85,-15.30,-30.30,31.50,29.5
2026/04/15 14:43:03.22,IMU,-40.53,-426.27,931.15,-16.11,18.84,102.95,-11.25,-26.55,32.85,29.8
2026/04/15 14:43:03.32,IMU,-233.40,-454.59,814.94,-56.46,24.41,117.08,-6.60,-23.85,30.75,29.6
2026/04/15 14:43:03.42,IMU,-247.56,-458.01,996.09,-138.02,45.95,37.94,-1.20,-25.35,27.90,29.6
2026/04/15 14:43:03.52,IMU,-444.82,-597.17,571.78,-107.11,28.90,42.40,0.15,-29.55,22.95,29.5
2026/04/15 14:43:03.62,IMU,-600.10,-717.29,503.42,-78.21,26.81,18.15,-0.90,-33.30,21.15,29.6
2026/04/15 14:43:03.72,IMU,-394.04,-697.27,408.20,-102.91,49.62,-1.85,5.10,-38.25,10.05,29.9
2026/04/15 14:43:03.82,IMU,-590.33,-760.25,118.65,-81.08,58.24,-9.40,5.40,-41.40,2.40,29.8
2026/04/15 14:43:03.92,IMU,-652.83,-825.20,-186.04,-95.72,115.40,-64.13,5.40,-44.40,-8.10,29.5
2026/04/15 14:43:04.02,IMU,-230.96,-802.25,-213.87,-90.13,117.82,-89.93,0.30,-46.65,-20.25,29.4
2026/04/15 14:43:04.12,IMU,-81.05,-834.96,-771.48,-75.11,70.78,-56.12,-8.70,-50.25,-32.10,29.7
2026/04/15 14:43:04.22,IMU,-26.37,-750.49,-872.56,-99.98,109.77,-63.15,-12.45,-49.20,-40.05,29.4
2026/04/15 14:43:04.32,IMU,179.69,-740.23,-881.35,-9.03,40.97,-44.34,-21.45,-48.75,-44.70,29.3
2026/04/15 14:43:04.42,IMU,291.50,-751.95,-760.25,5.36,11.41,-11.88,-24.90,-49.35,-45.90,29.8
2026/04/15 14:43:04.53,IMU,244.63,-769.53,-647.46,53.63,30.22,-34.82,-27.15,-51.75,-42.90,29.6
2026/04/15 14:43:04.63,IMU,305.18,-688.48,-661.13,66.43,-1.79,-55.93,-33.90,-56.10,-37.65,29.4
2026/04/15 14:43:04.73,IMU,478.03,-778.81,-586.43,154.56,-8.21,-4.85,-34.65,-58.80,-30.60,29.8
2026/04/15 14:43:04.83,IMU,460.45,-832.03,-228.52,123.70,-9.08,28.66,-34.80,-63.15,-20.10,29.8
2026/04/15 14:43:04.93,IMU,455.08,-909.18,190.43,145.27,-24.43,90.14,-29.40,-63.45,-4.80,29.8
2026/04/15 14:43:05.03,IMU,223.14,-940.92,451.66,88.76,-5.02,54.66,-22.65,-59.85,3.45,29.6
2026/04/15 14:43:05.13,IMU,29.30,-851.56,661.62,60.03,-13.91,74.92,-18.00,-54.60,11.40,29.6
2026/04/15 14:43:05.23,IMU,-2.44,-827.15,450.68,72.02,-23.11,119.31,-14.70,-52.05,15.30,29.8
2026/04/15 14:43:05.33,IMU,-462.89,-791.50,520.02,-88.18,-11.20,92.90,-7.20,-46.35,16.35,29.4
2026/04/15 14:43:05.43,IMU,-342.29,-796.39,629.39,-102.97,-8.74,55.15,-4.65,-45.90,12.75,29.8
2026/04/15 14:43:05.53,IMU,-336.91,-850.10,282.23,-89.83,12.56,30.40,-1.35,-47.85,7.35,29.7
2026/04/15 14:43:05.63,IMU,-546.88,-896.48,-173.83,-105.41,35.34,12.40,-1.05,-53.10,2.40,29.6
2026/04/15 14:43:05.73,IMU,-428.22,-889.65,-31.74,-77.02,70.29,-28.45,0.45,-48.75,-9.30,29.5
2026/04/15 14:43:05.83,IMU,-333.01,-891.60,-270.51,-81.02,99.49,-46.26,-3.00,-51.00,-17.25,29.7
2026/04/15 14:43:05.93,IMU,-229.00,-907.23,-470.70,-51.36,89.47,-58.24,-7.35,-52.95,-27.60,29.7
2026/04/15 14:43:06.03,IMU,-79.10,-837.89,-336.91,-45.87,52.11,-59.11,-14.70,-53.55,-34.80,29.6
2026/04/15 14:43:06.14,IMU,136.23,-764.65,-674.32,-55.52,17.53,-54.35,-21.90,-53.85,-39.45,29.6
2026/04/15 14:43:06.24,IMU,135.74,-709.96,-529.30,-39.98,3.18,-51.40,-25.95,-50.55,-43.80,29.8
2026/04/15 14:43:06.34,IMU,216.31,-528.32,-905.27,-101.17,-39.13,-62.54,-26.85,-48.00,-48.60,29.6
2026/04/15 14:43:06.44,IMU,187.50,-443.85,-1239.75,-44.27,4.99,-47.21,-28.50,-42.60,-54.45,29.6
2026/04/15 14:43:06.54,IMU,247.56,-427.73,-935.06,11.17,67.20,-53.37,-33.00,-42.00,-53.55,29.6
2026/04/15 14:43:06.65,IMU,502.44,-419.43,-839.84,21.15,66.17,-56.28,-45.15,-43.95,-49.65,29.4
2026/04/15 14:43:06.75,IMU,588.87,-296.88,-785.16,44.40,67.89,-122.08,-51.00,-40.80,-51.75,29.8
2026/04/15 14:43:06.85,IMU,662.60,-315.43,-852.54,79.49,131.37,-112.25,-61.65,-38.85,-44.40,29.6
2026/04/15 14:43:06.95,IMU,831.05,-41.99,-422.85,156.70,107.42,-147.02,-71.10,-37.35,-35.85,29.6
2026/04/15 14:43:07.05,IMU,1141.11,127.44,-228.52,145.92,77.79,-114.92,-75.00,-31.95,-23.40,29.6
2026/04/15 14:43:07.15,IMU,979.49,9.28,-380.37,71.76,54.90,44.76,-76.05,-30.90,-15.30,29.5
2026/04/15 14:43:07.25,IMU,821.29,-80.08,256.84,71.99,17.64,-10.83,-75.15,-34.80,-7.65,29.6
2026/04/15 14:43:07.35,IMU,1163.09,59.08,-3.42,16.74,-24.73,56.11,-76.20,-32.25,-4.80,29.8
2026/04/15 14:43:07.45,IMU,1044.92,-195.31,-29.79,27.79,22.56,15.05,-75.15,-34.80,-4.35,29.7
2026/04/15 14:43:07.55,IMU,985.84,-114.26,275.39,90.45,-57.15,64.69,-74.10,-37.80,-1.95,29.6
2026/04/15 14:43:07.65,IMU,980.47,-225.59,-26.86,52.40,-25.29,-1.11,-73.05,-39.75,-2.25,29.8
2026/04/15 14:43:07.75,IMU,890.63,-281.25,-236.82,37.76,5.05,14.24,-71.70,-39.90,-1.35,29.4
2026/04/15 14:43:07.85,IMU,780.76,-276.37,-153.32,52.76,-5.34,-8.84,-72.90,-38.10,1.35,29.4
2026/04/15 14:43:07.95,IMU,983.40,-175.29,-7.81,63.24,-17.76,-29.11,-72.60,-35.55,2.25,29.6
2026/04/15 14:43:08.06,IMU,1080.57,-103.03,66.41,44.88,-10.36,-15.30,-73.35,-32.25,-0.15,29.6
2026/04/15 14:43:08.16,IMU,1076.66,-147.95,-146.48,61.96,3.25,1.28,-74.85,-28.80,1.50,29.8
2026/04/15 14:43:08.26,IMU,1088.38,-218.75,-35.64,65.62,-2.01,4.19,-75.00,-29.40,1.05,29.6
2026/04/15 14:43:08.36,IMU,1002.44,-44.43,-193.85,174.11,75.10,-77.49,-74.25,-23.70,2.85,29.6
2026/04/15 14:43:08.46,IMU,974.12,-169.92,-696.29,44.02,-27.82,25.31,-72.45,-19.95,8.10,29.6
2026/04/15 14:43:08.56,IMU,853.52,-106.45,540.53,127.69,24.82,57.82,-73.35,-18.60,7.95,29.3
2026/04/15 14:43:08.66,IMU,957.03,-275.88,-323.73,146.42,-24.96,39.26,-73.95,-16.20,6.30,29.4
2026/04/15 14:43:08.76,IMU,988.28,-270.02,343.75,99.96,-23.90,55.75,-73.50,-16.50,2.40,29.8
2026/04/15 14:43:08.86,IMU,841.80,-270.51,-325.20,43.23,-28.32,-65.97,-75.75,-16.35,1.95,29.7
2026/04/15 14:43:08.96,IMU,1049.32,-272.95,-201.17,68.66,-13.99,-34.35,-75.30,-8.55,-1.65,29.6
2026/04/15 14:43:09.06,IMU,1101.07,-59.08,20.02,112.83,-20.60,-35.92,-75.15,-4.65,-7.65,29.7
2026/04/15 14:43:09.16,IMU,1071.29,95.70,127.93,94.35,18.76,-25.47,-75.75,-1.50,-9.90,29.8
2026/04/15 14:43:09.26,IMU,1030.27,-40.04,-492.19,63.30,10.81,8.32,-76.50,-1.05,-9.90,29.7
2026/04/15 14:43:09.36,IMU,1062.99,-25.39,-302.73,129.34,17.49,-8.02,-75.15,-2.70,-10.80,29.7
2026/04/15 14:43:09.46,IMU,727.54,-143.55,-11.23,81.65,11.38,-22.90,-75.30,-4.50,-13.80,29.7
2026/04/15 14:43:09.57,IMU,753.91,-39.55,-595.70,88.66,49.74,-22.06,-74.40,-0.15,-14.70,29.7
2026/04/15 14:43:09.67,IMU,1378.42,146.00,150.39,6.35,18.58,-22.27,-73.95,3.00,-14.55,29.5
2026/04/15 14:43:09.77,IMU,1183.11,191.41,-114.75,-64.31,40.27,86.40,-75.00,1.05,-11.40,29.6
2026/04/15 14:43:09.87,IMU,948.24,-21.97,240.23,9.90,45.53,14.53,-75.75,-4.05,-7.05,29.7
2026/04/15 14:43:09.97,IMU,894.04,-128.42,8.79,36.85,56.18,11.81,-76.05,-3.30,-2.40,29.6
2026/04/15 14:43:10.07,IMU,838.87,187.01,465.33,146.56,86.60,47.02,-74.85,-3.90,0.75,29.8
2026/04/15 14:43:10.17,IMU,820.80,234.86,411.13,122.61,-3.02,27.76,-74.70,-4.80,4.50,29.5
2026/04/15 14:43:10.27,IMU,879.88,227.05,763.67,140.17,-24.17,14.38,-75.90,-4.65,1.95,29.6
2026/04/15 14:43:10.37,IMU,763.67,107.91,-11.23,85.79,-27.22,16.11,-77.10,-4.80,-4.20,29.6
2026/04/15 14:43:10.47,IMU,894.53,312.01,483.40,133.83,55.21,30.27,-78.00,-4.95,-10.05,29.6
2026/04/15 14:43:10.57,IMU,836.91,289.55,242.19,75.23,55.35,-22.34,-80.25,-4.65,-5.85,29.6
2026/04/15 14:43:10.67,IMU,696.29,295.90,614.26,66.19,35.99,-41.48,-76.65,-0.90,-3.60,29.6
2026/04/15 14:43:10.77,IMU,721.19,355.47,231.45,98.52,4.28,40.55,-78.00,0.15,-3.00,29.4
2026/04/15 14:43:10.87,IMU,703.61,262.21,239.26,-2.59,13.73,0.12,-78.75,-0.15,-5.85,29.4
2026/04/15 14:43:10.97,IMU,901.86,250.49,-43.95,58.78,-11.75,-12.16,-77.55,1.05,-8.10,29.6
2026/04/15 14:43:11.07,IMU,858.40,762.21,544.92,203.40,34.40,-37.85,-76.50,4.80,-12.75,29.6
2026/04/15 14:43:11.17,IMU,619.14,700.20,-124.02,148.06,5.47,-33.50,-75.60,4.65,-16.80,29.7
2026/04/15 14:43:11.28,IMU,676.27,604.00,-58.11,92.78,9.65,23.12,-74.25,4.50,-23.40,29.6
2026/04/15 14:43:11.38,IMU,797.85,648.93,-257.32,117.79,17.39,51.96,-76.20,-2.70,-26.85,29.5
2026/04/15 14:43:11.48,IMU,962.89,471.19,-187.01,77.89,9.60,49.58,-76.80,-9.30,-25.65,29.9
2026/04/15 14:43:11.58,IMU,897.46,289.06,-770.02,85.98,23.39,21.09,-77.55,-13.95,-24.90,29.8
2026/04/15 14:43:11.68,IMU,1015.14,306.64,-898.93,44.15,-11.35,21.91,-76.65,-19.05,-22.95,29.4
2026/04/15 14:43:11.78,IMU,950.20,149.90,-24.90,33.26,22.56,27.43,-77.55,-23.70,-20.25,29.8
2026/04/15 14:43:11.88,IMU,1253.91,55.18,-168.95,-8.30,21.13,-27.23,-77.40,-24.30,-18.60,29.6
2026/04/15 14:43:11.98,IMU,1041.99,1.46,-907.71,141.88,6.65,-24.63,-78.00,-22.80,-15.75,29.7
2026/04/15 14:43:12.08,IMU,811.04,20.51,-209.96,61.21,-18.95,33.11,-78.90,-19.20,-8.55,29.4
2026/04/15 14:43:12.18,IMU,831.05,70.80,-97.66,107.44,45.51,4.57,-78.75,-23.10,-8.25,29.6
2026/04/15 14:43:12.28,IMU,981.45,178.71,-249.51,126.44,38.85,-126.31,-77.70,-15.15,-4.80,29.6
2026/04/15 14:43:12.38,IMU,861.33,-32.71,-473.63,95.94,41.44,23.33,-77.70,-16.35,-3.00,29.6
2026/04/15 14:43:12.48,IMU,771.48,115.72,450.20,169.11,144.18,80.17,-73.80,-16.35,7.20,29.7
2026/04/15 14:43:12.58,IMU,867.19,-22.95,273.44,187.60,101.51,62.32,-69.00,-14.85,16.80,29.8
2026/04/15 14:43:12.68,IMU,879.88,56.15,818.85,207.66,88.45,100.83,-64.20,-8.55,19.95,29.7
2026/04/15 14:43:12.79,IMU,341.80,87.40,380.86,104.94,43.18,29.48,-60.15,-3.30,24.15,29.8
2026/04/15 14:43:12.89,IMU,607.91,121.58,710.94,174.99,119.98,58.45,-55.35,3.90,26.40,29.8
2026/04/15 14:43:12.99,IMU,511.72,307.13,735.84,99.73,75.71,46.63,-53.10,10.65,26.40,29.6
2026/04/15 14:43:13.09,IMU,283.20,431.64,1129.39,83.85,75.76,46.97,-49.80,16.95,22.80,29.9
2026/04/15 14:43:13.19,IMU,463.38,551.76,685.06,75.11,43.52,21.74,-47.70,20.55,22.50,29.8
2026/04/15 14:43:13.29,IMU,150.39,607.91,741.70,30.45,23.29,17.13,-50.10,22.50,19.95,29.6
2026/04/15 14:43:13.39,IMU,-258.79,448.73,801.27,43.52,29.63,84.52,-51.00,21.30,19.35,29.4
2026/04/15 14:43:13.49,IMU,127.44,566.41,953.61,47.65,36.51,-1.02,-51.00,23.85,16.50,29.5
2026/04/15 14:43:13.59,IMU,492.68,863.77,352.54,97.30,96.35,65.75,-49.35,26.70,14.55,29.6
2026/04/15 14:43:13.69,IMU,91.80,908.20,773.44,160.19,131.22,84.45,-51.15,28.65,12.75,29.7
2026/04/15 14:43:13.79,IMU,39.06,782.71,-67.87,126.08,141.36,42.16,-56.10,28.05,11.10,29.6
2026/04/15 14:43:13.89,IMU,176.27,904.79,45.90,110.65,90.56,-10.98,-52.05,34.05,0.15,29.6
2026/04/15 14:43:13.99,IMU,-219.73,1034.67,96.19,94.58,22.89,-11.01,-49.50,34.80,-6.90,29.8
2026/04/15 14:43:14.09,IMU,149.41,931.64,77.15,113.99,13.55,-2.62,-48.15,34.05,-15.00,29.8
2026/04/15 14:43:14.19,IMU,159.67,1005.37,-166.02,100.90,9.03,-22.48,-48.15,31.80,-23.25,29.8
2026/04/15 14:43:14.29,IMU,-2.44,984.86,-146.48,122.95,-5.18,14.79,-48.60,26.70,-30.60,29.4
2026/04/15 14:43:14.40,IMU,66.89,852.54,-221.19,88.39,-12.38,-23.31,-49.35,21.75,-37.65,29.8
2026/04/15 14:43:14.50,IMU,108.40,762.21,-475.59,50.92,0.19,-17.78,-46.65,21.30,-42.45,29.7
2026/04/15 14:43:14.60,IMU,118.16,640.63,-935.06,27.61,26.08,20.47,-47.10,19.80,-44.25,29.5
2026/04/15 14:43:14.70,IMU,237.79,776.37,-688.48,32.29,68.16,61.37,-50.40,15.75,-44.40,29.6
2026/04/15 14:43:14.80,IMU,60.06,699.71,-893.07,19.99,48.52,21.97,-56.55,13.50,-41.25,29.8
2026/04/15 14:43:14.90,IMU,503.42,599.12,-912.60,-33.64,88.17,-37.50,-58.95,12.90,-38.55,29.6
2026/04/15 14:43:15.00,IMU,328.13,681.15,-864.75,-49.92,89.37,24.64,-61.80,14.40,-32.55,29.6
2026/04/15 14:43:15.10,IMU,414.06,869.63,-166.02,-52.15,38.03,-17.60,-65.25,16.20,-23.85,29.6
2026/04/15 14:43:15.20,IMU,327.64,690.92,-131.84,-47.24,-30.50,-76.72,-62.85,19.05,-22.50,29.6
2026/04/15 14:43:15.30,IMU,406.74,877.93,-1146.48,13.47,19.60,-3.18,-59.55,23.25,-17.70,29.6
2026/04/15 14:43:15.40,IMU,208.98,891.60,-312.50,-25.11,6.05,-36.47,-59.55,24.15,-18.15,29.3
2026/04/15 14:43:15.50,IMU,851.07,895.51,-430.18,21.28,18.67,21.47,-56.25,25.20,-16.35,29.6
2026/04/15 14:43:15.60,IMU,672.36,942.87,-458.50,-34.05,134.05,-8.26,-58.20,25.05,-12.90,29.6
2026/04/15 14:43:15.70,IMU,419.92,1061.52,-346.19,96.52,179.70,-20.50,-57.15,25.05,-7.95,29.5
2026/04/15 14:43:15.81,IMU,162.60,743.16,19.04,57.93,97.42,-16.67,-54.45,25.20,-6.30,29.5
2026/04/15 14:43:15.91,IMU,344.73,729.49,-188.96,3.40,0.33,-21.69,-53.40,25.65,-6.75,29.7
2026/04/15 14:43:16.01,IMU,486.33,852.05,-151.37,32.32,38.38,38.16,-53.85,26.55,-7.95,29.3
2026/04/15 14:43:16.11,IMU,783.69,752.93,-302.25,18.98,31.57,-14.66,-53.10,26.10,-6.90,29.6
2026/04/15 14:43:16.22,IMU,181.15,423.83,-433.11,37.27,70.13,-13.45,-55.65,26.55,-5.85,29.8
2026/04/15 14:43:16.32,IMU,648.93,872.56,378.91,-15.45,250.13,-6.27,-51.90,27.15,-2.10,29.5
2026/04/15 14:43:16.42,IMU,791.99,942.38,-873.54,103.55,48.17,-7.39,-45.15,28.05,6.45,29.6
2026/04/15 14:43:16.52,IMU,376.95,681.15,250.49,74.72,106.10,13.14,-47.10,29.55,-0.15,29.6
2026/04/15 14:43:16.62,IMU,678.71,760.25,-62.01,52.77,72.38,3.16,-45.00,30.45,-2.85,29.4
2026/04/15 14:43:16.72,IMU,508.30,901.86,-364.75,101.15,152.53,10.71,-46.65,31.80,-7.20,29.6
2026/04/15 14:43:16.82,IMU,580.57,1003.91,-364.75,185.15,160.73,9.71,-45.90,31.50,-11.10,29.6
2026/04/15 14:43:16.92,IMU,560.55,776.37,376.95,91.95,98.34,11.50,-50.25,30.30,-23.25,29.6
2026/04/15 14:43:17.02,IMU,272.46,540.04,-41.99,38.27,63.73,25.98,-55.35,26.55,-25.35,29.3
2026/04/15 14:43:17.12,IMU,732.42,638.18,-216.31,8.00,102.02,21.60,-57.15,25.05,-23.25,29.8
2026/04/15 14:43:17.22,IMU,879.88,679.20,224.12,46.92,103.63,9.04,-58.65,23.85,-25.05,29.8
2026/04/15 14:43:17.32,IMU,702.15,536.13,-529.30,70.44,89.96,37.72,-62.40,21.45,-24.15,29.6
2026/04/15 14:43:17.42,IMU,1349.12,568.36,170.90,99.93,-31.92,-9.69,-66.15,18.30,-25.05,29.6
2026/04/15 14:43:17.52,IMU,550.78,467.77,360.35,111.94,89.79,29.78,-69.30,11.25,-28.50,29.9
2026/04/15 14:43:17.62,IMU,386.23,681.64,-464.84,250.13,240.53,-39.22,-73.05,9.15,-24.30,29.6
2026/04/15 14:43:17.73,IMU,1092.77,664.55,131.35,27.20,132.65,44.24,-73.95,6.30,-18.75,29.8
2026/04/15 14:43:17.83,IMU,1191.41,804.69,275.88,112.68,74.81,9.48,-74.85,4.95,-20.70,29.6
2026/04/15 14:43:17.93,IMU,1340.33,974.12,110.35,220.86,6.04,-32.28,-76.95,3.90,-21.45,29.6
2026/04/15 14:43:18.03,IMU,915.53,1042.97,-568.85,250.13,137.39,-138.42,-73.20,3.30,-23.40,29.5
2026/04/15 14:43:18.13,IMU,458.01,584.96,-548.83,174.53,78.42,-6.25,-72.90,3.00,-23.40,29.6
2026/04/15 14:43:18.23,IMU,850.10,587.89,-127.93,167.40,95.61,-8.92,-73.50,3.30,-21.60,29.6
2026/04/15 14:43:18.33,IMU,608.40,352.05,-890.14,126.08,73.06,-6.61,-73.35,0.45,-19.05,29.3
2026/04/15 14:43:18.43,IMU,757.32,227.05,-378.42,104.41,93.77,-9.66,-74.40,0.90,-19.35,29.6
2026/04/15 14:43:18.53,IMU,918.46,434.57,-462.89,-30.01,49.18,-50.43,-74.10,3.15,-13.35,29.4
2026/04/15 14:43:18.63,IMU,1037.11,651.86,-234.86,-6.05,50.79,-45.74,-71.25,6.75,-12.45,29.6
2026/04/15 14:43:18.73,IMU,852.05,377.93,-472.17,22.46,59.39,-11.47,-68.25,9.60,-6.90,29.4
2026/04/15 14:43:18.83,IMU,867.68,499.51,-121.58,91.02,82.34,-20.66,-68.10,12.45,-5.70,29.8
2026/04/15 14:43:18.93,IMU,1077.15,624.51,-85.94,65.05,55.87,-31.60,-64.95,15.45,-3.45,29.6
2026/04/15 14:43:19.03,IMU,656.74,634.77,-187.99,88.08,175.57,-62.92,-62.85,18.30,-1.50,29.4
2026/04/15 14:43:19.13,IMU,1292.97,820.31,-353.52,134.89,23.68,17.66,-57.45,23.10,-2.25,29.6
2026/04/15 14:43:19.23,IMU,436.04,436.52,-249.51,89.24,72.25,66.92,-60.60,20.25,-7.35,29.6
2026/04/15 14:43:19.34,IMU,628.91,457.52,-372.56,60.95,119.59,-55.23,-61.95,20.25,-8.10,29.6
2026/04/15 14:43:19.44,IMU,834.47,723.14,-202.15,123.89,94.79,-42.60,-59.10,25.65,-7.80,29.3
2026/04/15 14:43:19.54,IMU,775.88,703.13,267.09,125.06,102.44,-9.46,-57.90,28.05,-11.85,29.7
2026/04/15 14:43:19.64,IMU,863.77,628.91,36.62,61.27,141.70,-9.54,-55.50,28.95,-12.45,29.5
2026/04/15 14:43:19.74,IMU,398.44,668.95,541.50,47.76,58.39,-13.56,-56.25,28.20,-11.40,29.5
2026/04/15 14:43:19.84,IMU,478.52,771.97,304.69,38.95,99.88,-41.66,-51.60,31.65,-12.00,29.5
2026/04/15 14:43:19.94,IMU,1097.66,879.88,271.97,41.68,29.14,33.06,-48.00,35.40,-7.35,29.7
2026/04/15 14:43:20.04,IMU,590.33,767.58,307.62,22.93,60.87,-2.70,-47.70,34.80,-8.25,29.8
2026/04/15 14:43:20.14,IMU,953.13,949.22,440.43,43.20,50.39,-10.02,-46.80,36.60,-10.95,29.5
2026/04/15 14:43:20.24,IMU,402.83,878.42,800.78,3.31,116.27,-3.44,-49.20,34.50,-8.25,29.6
2026/04/15 14:43:20.34,IMU,125.00,912.60,473.14,110.70,124.40,-21.47,-45.60,36.30,-6.15,29.7
2026/04/15 14:43:20.44,IMU,246.09,902.34,288.09,31.65,66.40,5.77,-45.00,36.90,-10.20,29.7
2026/04/15 14:43:20.54,IMU,369.63,939.94,602.05,54.49,87.82,-2.95,-43.35,36.75,-11.10,29.6
2026/04/15 14:43:20.64,IMU,123.54,912.11,117.68,61.47,73.25,-17.80,-45.15,37.80,-13.35,29.5
2026/04/15 14:43:20.74,IMU,152.34,1002.44,152.83,45.32,81.89,-8.03,-42.15,35.40,-17.10,29.8
2026/04/15 14:43:20.84,IMU,-29.79,964.36,-115.72,91.14,118.97,-16.04,-42.90,35.70,-23.85,29.6
2026/04/15 14:43:20.94,IMU,64.45,1057.62,-407.71,109.02,112.40,-48.08,-41.40,32.70,-26.70,29.6
2026/04/15 14:43:21.05,IMU,-6.35,997.56,-283.20,85.94,63.12,-16.94,-42.75,29.10,-32.55,29.8
2026/04/15 14:43:21.15,IMU,98.63,612.30,-670.41,88.64,49.79,-54.59,-44.55,25.05,-37.50,29.6
2026/04/15 14:43:21.25,IMU,-110.35,872.56,-1424.32,143.05,45.60,-68.43,-42.30,23.85,-41.40,29.6
2026/04/15 14:43:21.35,IMU,-171.39,782.23,-1223.63,51.39,35.69,-6.50,-42.90,21.00,-44.85,29.5
2026/04/15 14:43:21.45,IMU,57.13,686.52,-817.38,-8.66,-0.01,-1.09,-44.85,17.10,-45.30,29.6
2026/04/15 14:43:21.55,IMU,206.05,482.91,-290.53,68.78,12.92,0.89,-47.70,11.85,-49.95,29.8
2026/04/15 14:43:21.65,IMU,26.86,487.30,-825.20,84.64,8.14,8.53,-47.25,7.50,-51.30,29.5
2026/04/15 14:43:21.75,IMU,-222.17,400.88,-894.53,60.59,-32.20,-10.13,-45.75,4.80,-54.45,29.5
2026/04/15 14:43:21.85,IMU,52.73,183.59,-838.87,37.80,-14.10,-8.79,-45.75,-0.75,-55.80,29.7
2026/04/15 14:43:21.95,IMU,-40.04,69.34,-1382.81,102.53,35.61,-24.27,-45.75,-4.50,-56.55,29.6
2026/04/15 14:43:22.05,IMU,93.26,-111.33,-1031.25,144.74,10.21,-12.68,-48.00,-15.45,-57.30,29.2
2026/04/15 14:43:22.15,IMU,64.45,-298.34,-1220.21,113.50,-2.93,8.96,-48.60,-25.95,-54.45,29.9
2026/04/15 14:43:22.25,IMU,-103.03,-440.92,-673.83,236.87,-32.18,-17.08,-47.70,-39.30,-49.20,29.7
2026/04/15 14:43:22.35,IMU,-68.85,-826.66,-684.08,74.28,17.95,18.96,-47.25,-48.30,-42.00,29.7
2026/04/15 14:43:22.45,IMU,69.34,-880.37,-399.90,144.55,-4.55,-19.81,-47.70,-54.00,-34.65,29.1
2026/04/15 14:43:22.56,IMU,83.50,-930.18,-461.91,149.81,8.97,9.86,-48.90,-56.70,-26.85,29.6
2026/04/15 14:43:22.66,IMU,-76.17,-918.46,-77.64,116.19,6.99,0.55,-48.15,-60.45,-13.65,29.6
2026/04/15 14:43:22.76,IMU,48.34,-869.63,386.72,100.92,-1.30,-22.47,-49.80,-59.55,-1.65,29.6
2026/04/15 14:43:22.86,IMU,200.20,-1013.18,199.71,72.15,2.16,-16.56,-50.40,-56.85,2.85,29.4
2026/04/15 14:43:22.96,IMU,219.24,-855.47,316.89,104.84,5.73,-1.91,-53.10,-55.95,13.35,29.6
2026/04/15 14:43:23.06,IMU,31.25,-779.30,188.48,89.50,27.40,7.69,-50.85,-50.55,15.90,29.6
2026/04/15 14:43:23.16,IMU,119.14,-607.42,651.86,59.45,-64.48,27.55,-51.90,-45.90,21.00,29.6
2026/04/15 14:43:23.26,IMU,178.71,-437.01,734.86,63.50,-17.56,-24.63,-54.75,-39.90,23.10,29.6
2026/04/15 14:43:23.36,IMU,160.16,-331.54,1039.55,81.62,-51.73,-61.69,-58.65,-34.80,25.80,29.6
2026/04/15 14:43:23.46,IMU,341.31,-124.02,742.68,123.91,-76.76,-10.06,-62.25,-27.60,22.50,29.8
2026/04/15 14:43:23.56,IMU,377.44,129.88,995.12,147.89,-87.81,-7.55,-68.10,-18.75,21.60,29.6
2026/04/15 14:43:23.66,IMU,745.61,228.52,635.25,163.20,-84.60,12.85,-72.30,-11.85,16.50,29.6
2026/04/15 14:43:23.76,IMU,737.79,560.06,150.39,227.05,-79.72,23.99,-73.05,-6.15,10.80,29.6
2026/04/15 14:43:23.86,IMU,774.41,723.14,459.96,166.35,-83.37,27.70,-76.65,0.45,-0.15,29.6
2026/04/15 14:43:23.96,IMU,890.63,508.79,315.92,160.22,-102.38,72.19,-78.75,-6.60,-14.70,29.4
2026/04/15 14:43:24.06,IMU,938.96,286.13,-154.30,140.40,-85.64,77.67,-75.75,-15.45,-22.35,29.7
2026/04/15 14:43:24.17,IMU,883.79,136.72,-429.20,132.15,-64.92,79.84,-75.30,-26.70,-28.05,29.6
2026/04/15 14:43:24.27,IMU,872.07,-43.46,-500.00,168.04,-58.54,34.99,-72.60,-34.80,-26.85,29.5
2026/04/15 14:43:24.37,IMU,881.84,-418.95,-230.96,101.07,-42.76,25.02,-67.35,-41.10,-26.25,29.6
2026/04/15 14:43:24.47,IMU,736.33,-415.04,-655.27,99.95,-64.20,22.28,-66.00,-46.35,-24.15,29.4
2026/04/15 14:43:24.57,IMU,658.69,-528.81,-704.10,121.22,-50.23,18.53,-63.15,-48.60,-21.00,29.7
2026/04/15 14:43:24.67,IMU,521.97,-513.18,-253.91,68.34,-119.08,-48.64,-62.70,-50.85,-18.15,29.9
2026/04/15 14:43:24.77,IMU,514.16,-669.43,-108.89,92.80,-62.15,-24.73,-61.35,-49.35,-20.25,29.4
2026/04/15 14:43:24.87,IMU,410.16,-851.56,-700.68,33.88,-15.39,37.26,-60.75,-53.25,-19.65,29.8
2026/04/15 14:43:24.97,IMU,464.36,-867.19,-818.85,106.66,-5.08,-32.73,-61.80,-50.70,-16.20,29.6
2026/04/15 14:43:25.07,IMU,490.72,-701.17,248.05,71.68,-34.33,32.89,-61.65,-52.35,-9.15,29.4
2026/04/15 14:43:25.17,IMU,348.14,-844.24,91.31,84.53,-9.00,-16.55,-59.85,-52.35,-4.50,29.6
2026/04/15 14:43:25.27,IMU,439.45,-1028.81,-206.05,62.31,-7.26,9.69,-60.45,-53.25,-1.50,29.6
2026/04/15 14:43:25.37,IMU,460.45,-738.77,-204.10,75.46,10.50,2.54,-59.85,-51.60,1.35,29.6
2026/04/15 14:43:25.47,IMU,394.53,-750.00,144.04,91.20,-8.50,-48.88,-60.60,-48.30,6.75,29.8
2026/04/15 14:43:25.57,IMU,547.36,-775.39,153.81,80.66,-8.66,35.31,-62.55,-43.50,10.80,29.4
2026/04/15 14:43:25.67,IMU,127.93,-841.31,411.13,94.52,-29.77,-0.14,-60.15,-42.90,14.85,29.6
2026/04/15 14:43:25.78,IMU,742.19,-603.03,516.60,144.25,-7.52,-17.91,-61.80,-34.80,19.35,29.8
2026/04/15 14:43:25.88,IMU,523.93,-438.48,704.59,112.07,-24.80,41.37,-61.80,-29.85,21.90,29.6
2026/04/15 14:43:25.98,IMU,346.68,-517.58,477.05,69.90,-42.56,-2.60,-61.95,-26.70,22.35,29.2
2026/04/15 14:43:26.08,IMU,650.39,-289.06,722.66,100.04,-53.36,-11.29,-65.55,-17.70,22.80,29.6
2026/04/15 14:43:26.18,IMU,604.49,65.43,958.50,199.11,-35.54,10.72,-69.00,-8.85,18.30,29.6
2026/04/15 14:43:26.28,IMU,675.78,176.27,560.55,89.22,-9.49,1.35,-69.30,-3.00,15.60,29.6
2026/04/15 14:43:26.38,IMU,785.64,310.55,742.19,98.81,-19.00,12.79,-69.45,2.70,12.90,29.7
2026/04/15 14:43:26.48,IMU,777.83,466.80,782.23,66.74,-8.58,32.48,-71.40,4.80,6.30,29.4
2026/04/15 14:43:26.58,IMU,645.51,402.34,615.72,57.80,11.57,22.34,-72.15,5.25,6.30,29.7
2026/04/15 14:43:26.68,IMU,429.69,272.46,472.17,66.09,-45.49,-45.95,-72.15,4.05,4.50,29.6
2026/04/15 14:43:26.78,IMU,743.16,563.96,486.33,24.89,-17.42,-35.11,-71.10,11.25,1.35,29.6
2026/04/15 14:43:26.88,IMU,696.78,592.29,315.43,36.15,-19.84,-3.61,-68.85,13.50,-2.40,29.6
2026/04/15 14:43:26.98,IMU,585.45,608.89,218.75,63.00,22.89,-16.95,-69.75,14.85,-3.00,29.6
2026/04/15 14:43:27.08,IMU,554.69,588.87,475.59,20.16,32.80,31.11,-69.75,16.35,-3.30,29.7
2026/04/15 14:43:27.18,IMU,419.92,724.12,386.23,92.91,67.96,-6.67,-70.35,16.95,-5.25,29.5
2026/04/15 14:43:27.28,IMU,904.30,896.00,-54.69,186.23,-17.23,-43.58,-68.25,20.55,-11.10,29.5
2026/04/15 14:43:27.38,IMU,756.84,958.01,641.60,147.09,2.90,47.63,-65.25,17.70,-26.70,29.7
2026/04/15 14:43:27.49,IMU,860.84,794.92,-375.98,62.05,13.76,57.28,-68.10,11.25,-32.40,29.6
2026/04/15 14:43:27.59,IMU,999.51,599.61,106.45,27.65,41.66,50.76,-71.55,4.65,-32.85,29.4
2026/04/15 14:43:27.69,IMU,301.76,679.20,-907.71,-22.36,-70.09,-7.08,-73.20,-2.25,-31.65,29.6
2026/04/15 14:43:27.79,IMU,548.83,571.29,-228.52,-25.25,14.36,164.80,-75.00,-4.80,-31.65,29.6
2026/04/15 14:43:27.89,IMU,997.56,247.56,-209.47,40.46,-42.72,71.24,-75.90,-14.85,-33.30,29.5
2026/04/15 14:43:27.99,IMU,738.77,277.83,-314.45,11.56,-11.62,47.36,-73.50,-23.25,-37.35,29.6
2026/04/15 14:43:28.09,IMU,1002.44,141.60,-997.56,118.69,-122.49,9.00,-71.10,-24.90,-37.05,29.6
2026/04/15 14:43:28.19,IMU,509.28,-96.68,-907.71,150.79,-111.39,100.89,-66.30,-39.15,-36.30,29.6
2026/04/15 14:43:28.29,IMU,781.74,-462.40,-435.55,169.93,-43.31,77.31,-56.70,-52.20,-29.25,29.6
2026/04/15 14:43:28.39,IMU,419.43,-649.41,-452.15,112.26,-25.30,29.99,-54.60,-57.90,-21.45,29.6
2026/04/15 14:43:28.49,IMU,546.88,-749.02,15.63,97.04,-12.82,6.68,-52.50,-58.20,-14.40,29.6
2026/04/15 14:43:28.59,IMU,673.83,-784.18,-26.37,43.40,24.89,12.05,-51.60,-58.80,-7.35,29.5
2026/04/15 14:43:28.69,IMU,503.42,-899.41,-212.89,69.01,-14.02,0.21,-51.30,-59.40,-2.25,29.6
2026/04/15 14:43:28.79,IMU,437.01,-959.96,246.09,58.95,57.29,-17.49,-49.35,-56.55,1.65,29.5
2026/04/15 14:43:28.89,IMU,571.78,-813.48,-115.23,35.20,46.19,-0.07,-50.40,-55.05,6.75,29.6
2026/04/15 14:43:28.99,IMU,472.17,-811.52,-9.77,69.46,8.85,-5.60,-50.25,-53.70,11.10,29.6
2026/04/15 14:43:29.10,IMU,380.37,-871.09,112.30,61.50,-3.02,-39.85,-51.00,-50.25,15.75,29.6
2026/04/15 14:43:29.20,IMU,611.33,-626.95,2.93,74.73,-5.85,15.95,-51.90,-47.40,17.70,29.5
2026/04/15 14:43:29.30,IMU,729.49,-430.66,681.64,147.65,29.43,-23.92,-52.05,-39.75,26.10,29.8
2026/04/15 14:43:29.40,IMU,83.01,-475.10,1663.09,136.06,36.79,-34.05,-48.60,-25.65,31.95,29.6
2026/04/15 14:43:29.50,IMU,567.87,-416.50,666.99,12.57,20.72,26.66,-49.05,-19.50,33.00,29.6
2026/04/15 14:43:29.60,IMU,358.40,-331.54,596.19,92.52,-12.92,-27.05,-48.15,-17.40,34.35,29.6
2026/04/15 14:43:29.70,IMU,648.93,-131.84,722.66,56.63,14.70,-2.56,-47.55,-11.55,33.00,29.4
2026/04/15 14:43:29.80,IMU,534.18,-84.96,922.36,98.62,1.34,-18.31,-45.60,-4.95,34.35,29.7
2026/04/15 14:43:29.90,IMU,453.61,156.74,769.04,84.65,26.87,-22.44,-47.25,3.30,31.65,29.5
2026/04/15 14:43:30.00,IMU,670.41,276.37,1182.13,93.50,8.95,-40.55,-44.70,11.55,28.50,29.6
2026/04/15 14:43:30.10,IMU,553.22,402.83,788.57,66.73,8.65,-28.36,-41.10,17.25,25.20,29.6
2026/04/15 14:43:30.20,IMU,559.57,465.82,869.14,46.49,-7.76,-26.65,-38.85,19.95,20.55,29.6
2026/04/15 14:43:30.30,IMU,428.22,620.61,-213.87,89.15,-25.78,-21.43,-38.40,23.55,19.35,29.5
2026/04/15 14:43:30.40,IMU,232.42,677.73,232.91,64.67,9.21,-13.95,-38.25,26.70,12.00,29.4
2026/04/15 14:43:30.50,IMU,166.50,839.84,4.39,177.17,11.93,-20.15,-37.35,32.25,5.40,29.5
2026/04/15 14:43:30.60,IMU,328.13,1119.14,-82.52,250.13,45.07,16.21,-34.35,35.55,-12.60,29.6
2026/04/15 14:43:30.71,IMU,162.60,975.10,-140.14,139.08,12.53,8.88,-36.90,32.25,-31.50,29.2
2026/04/15 14:43:30.81,IMU,429.20,915.04,-408.69,92.21,11.79,-24.84,-36.60,29.10,-39.60,29.4
2026/04/15 14:43:30.91,IMU,329.10,862.79,-639.65,140.27,2.76,11.40,-37.50,20.70,-47.70,29.6
2026/04/15 14:43:31.01,IMU,112.79,636.23,-792.97,43.34,-3.73,-12.71,-37.35,14.25,-53.70,29.5
2026/04/15 14:43:31.11,IMU,297.85,612.30,-701.17,119.42,-8.74,-60.48,-37.05,6.75,-55.20,29.3
2026/04/15 14:43:31.21,IMU,237.30,546.88,-1048.83,136.85,-11.11,-108.15,-27.60,-0.15,-59.55,29.6
2026/04/15 14:43:31.31,IMU,47.85,272.46,-787.11,98.26,-23.17,-62.82,-25.20,-13.95,-61.50,29.8
2026/04/15 14:43:31.41,IMU,-240.72,183.59,-1132.32,93.04,-46.14,-93.29,-24.90,-22.20,-61.20,29.5
2026/04/15 14:43:31.51,IMU,-210.94,-83.98,-951.17,75.72,-35.55,-78.08,-22.80,-31.80,-58.20,29.6
2026/04/15 14:43:31.61,IMU,62.99,-161.62,-861.82,23.63,-49.90,-94.95,-23.40,-36.60,-55.80,29.6
2026/04/15 14:43:31.71,IMU,-502.93,-233.89,-1013.67,11.83,-0.20,-46.57,-23.25,-37.80,-52.80,29.6
2026/04/15 14:43:31.81,IMU,-282.71,-290.53,-921.39,-3.92,-2.08,-43.92,-23.40,-37.65,-54.15,29.3
2026/04/15 14:43:31.91,IMU,-35.16,-216.31,-821.29,-34.00,35.27,-8.82,-25.95,-37.65,-53.70,29.5
2026/04/15 14:43:32.01,IMU,-182.62,-116.21,-1096.19,-17.30,22.08,-18.71,-28.50,-37.35,-55.20,29.6
2026/04/15 14:43:32.11,IMU,24.90,-101.07,-1180.18,-8.24,16.39,6.32,-30.60,-37.35,-54.45,29.4
2026/04/15 14:43:32.21,IMU,-50.29,-135.74,-1027.34,-11.55,30.52,15.92,-31.65,-34.65,-56.25,29.6
2026/04/15 14:43:32.32,IMU,111.82,-105.96,-974.12,-14.42,18.38,8.60,-32.40,-34.95,-56.55,29.6
2026/04/15 14:43:32.42,IMU,66.89,-65.43,-1056.64,-12.48,1.02,-9.05,-33.45,-33.45,-58.05,29.6
2026/04/15 14:43:32.52,IMU,36.62,-134.77,-1072.27,-1.15,-0.81,-10.18,-33.90,-33.45,-58.35,29.5
2026/04/15 14:43:32.62,IMU,79.59,-101.56,-972.17,-4.40,-1.98,-9.07,-33.60,-33.00,-57.45,29.8
2026/04/15 14:43:32.72,IMU,103.03,-57.62,-1038.09,-2.84,0.38,-5.68,-35.10,-32.55,-56.10,29.6
2026/04/15 14:43:32.82,IMU,109.86,-75.68,-988.28,0.95,-3.60,-14.13,-33.60,-32.55,-57.15,29.1
2026/04/15 14:43:32.92,IMU,101.07,-54.20,-1040.53,1.51,-0.98,-13.73,-35.85,-31.80,-57.45,29.4
2026/04/15 14:43:33.02,IMU,47.85,-39.06,-1061.04,-3.18,3.20,-3.66,-34.05,-33.30,-58.20,29.6
